-- Insert moderators into AspNetUsers and roles into AspNetRoles
USE [eQuiz];
GO

INSERT INTO [dbo].[AspNetUsers]
           ([Id]
      ,[Hometown]
      ,[Email]
      ,[EmailConfirmed]
      ,[PasswordHash]
      ,[SecurityStamp]
      ,[PhoneNumber]
      ,[PhoneNumberConfirmed]
      ,[TwoFactorEnabled]
      ,[LockoutEndDateUtc]
      ,[LockoutEnabled]
      ,[AccessFailedCount]
      ,[UserName])
     VALUES
			('08ac153d-db88-4a5c-b6f0-0433a8c29dac', NULL, 'xxmdvxx@gmail.com', 0, 'AGYcKx72ASq1suSAActHyw6H8H9MojHUseDGI0GJFGHbORhMD2glVR/n2AZwmLUrtA==',	'29d83256-0cce-43d6-a961-73479092eb13', NULL, 0, 0, NULL, 1, 0, 'xxmdvxx@gmail.com'),
			('052daaf2-0ba5-4708-bf7a-d60d433b617f', NULL, 'olya@gmail.com', 0, 'AJFW/dvdf7yeil/ufmqva/SDRra68DvKN0n7V6rUMLBy0sDxunj27TJ6nRV9V0Y+Tg==', '6203f227-5c20-4a5f-8de6-cd0d47a4221f', NULL, 0, 0, NULL, 1, 0, 'olya@gmail.com'),
			('3af43ae6-6cd6-4eb3-afad-e783083bec99', NULL, 'oleksandr@gmail.com', 0, 'APMPrIwvO2HzzsUgGBAnqdHqzK0vJPDkX7Kw0mIX0/5KicWv0ZK3s5QUBsdKFnzsZw==', '6ee1f5d4-5c93-4bc8-9a7f-ce80a5aa7db2', NULL, 0, 0, NULL, 1, 0, 'oleksandr@gmail.com'),
			('4e9515fe-1585-44dc-98c0-dd4b3cac6fa7', NULL, 'serhii@gmail.com', 0, 'ADnBdq3j1ZM5JgIXoD+ZvbvT/06pyuXc1tsPjLMvGE/SVh1IA+CEVZSFW6Cc3o6Etw==', 'f5810537-4eab-4ab1-811b-c2f7bcccc3df', NULL, 0, 0, NULL, 1, 0, 'serhii@gmail.com'),
			('5a424ab9-a8a5-458b-8838-463485525bea', NULL, 'yura@gmail.com', 0, 'ACSmKNiToEAvwSwWIpcXdksJX7uYismisPeupWXFO3HIJGkGWCaMn77IhmIOpxvZ5w==', 'ee06ede2-c844-4e24-bdc8-5e865b698739', NULL, 0, 0, NULL, 1, 0, 'yura@gmail.com'),
			('fbe6492b-ddbc-4c1e-9fb6-63c01a2ebcfe', NULL, 'mykola@gmail.com', 0, 'AHb1BBgUauqaXa4b6C7TLMCl8wYXIBvL1ONqjQ7llLzhFh3tCPxHr/vNTzzoStd13g==', '1d665a23-05a4-4e10-8daf-79168a0f3d78', NULL, 0, 0, NULL, 1, 0, 'mykola@gmail.com'),
			('5c5c9ff8-81e4-4e99-bce9-e3e71a4d8c20', NULL, 'roman@gmail.com', 0, 'ANw3fFWfXzBDm5X3+rjxKT0SCd7fH5UYgGp1VAr/N4v8fhGsPg3mxJANLYx121DA0A==', 'fd582407-a681-45be-b36b-175d9676be3a', NULL, 0, 0, NULL, 1, 0, 'roman@gmail.com'),
			('36481f5a-fc1c-46ad-bc27-326e87cd90e6', NULL, 'halyna@gmail.com', 0, 'AP5EIrs8LiJo69qpyvnhep89cGDfh0uetUmbhcAVhOzWPjDBZpYmeCZUCcF9mH3itA==', '19cc40bd-179e-430c-9c45-f902266f7540', NULL, 0, 0, NULL, 1, 0, 'halyna@gmail.com');
GO

USE [eQuiz]
GO

INSERT INTO [dbo].[AspNetRoles]
           ([Id], [Name])
     VALUES
           ('8D6C21AE-E284-4CEC-B373-C402554C1630', 'Administrator'), 
		   ('EDF20647-55F2-4384-B3BD-7BF2E0E25D06', 'Moderator'),
		   ('984A9BAC-BBE6-4B1E-BE15-66E40253D023', 'Student')
GO

USE [eQuiz]
GO

INSERT INTO [dbo].[AspNetUserRoles]
           ([UserId], [RoleId])
     VALUES
           ('052daaf2-0ba5-4708-bf7a-d60d433b617f', 'EDF20647-55F2-4384-B3BD-7BF2E0E25D06'),
		   ('3af43ae6-6cd6-4eb3-afad-e783083bec99', 'EDF20647-55F2-4384-B3BD-7BF2E0E25D06'),
		   ('4e9515fe-1585-44dc-98c0-dd4b3cac6fa7', 'EDF20647-55F2-4384-B3BD-7BF2E0E25D06'),
		   ('5a424ab9-a8a5-458b-8838-463485525bea', 'EDF20647-55F2-4384-B3BD-7BF2E0E25D06'),
		   ('fbe6492b-ddbc-4c1e-9fb6-63c01a2ebcfe', 'EDF20647-55F2-4384-B3BD-7BF2E0E25D06'),
		   ('5c5c9ff8-81e4-4e99-bce9-e3e71a4d8c20', 'EDF20647-55F2-4384-B3BD-7BF2E0E25D06'),
		   ('36481f5a-fc1c-46ad-bc27-326e87cd90e6', '8D6C21AE-E284-4CEC-B373-C402554C1630');
GO

USE [eQuiz];
-----------------------------------Oleksii start
SET IDENTITY_INSERT [dbo].[tblUser] ON
INSERT INTO [dbo].[tblUser] ([Id],[FirstName],[LastName],[FatheName],[Email],[Phone],[IsEmailConfirmed])
VALUES
    (1,'Oleksii', 'Shevchuk', 'Mykolayovych', 'oleksii.shevchuk.n@gmail.com','0630045424',1),
	(2,'Rostislav', 'Burba', 'Olegovich', 'burba.ros111@gmail.com','0982343564',1),
	(3,'Oleg', 'Yazepov', 'Volodimirovich', 'oleg.yazopov22@gmail.com','0637876543',1),
	(4,'Igor', 'Chipak', 'Rostislavovich', 'ehorka1994@gmail.com','0939098700',0),
	(5,N'Володимир', N'Стеців', N'Ігорович', 'volodymyrsteciv@gmail.com','0687653721',1),
	(6,N'Олена', N'Слухаєвська', N'Миколаївна', 'olena.slukhaevska@gmail.com','0634456371',0),
	(7,N'Коляда', N'Ян', N'Костянтинович', 'yan.forever111@gmail.com','0698909694',1),
	(8,'Asaulenko', 'Mykola', 'Oleksandrovych', 'mykola.asaulenko@gmail.com','0967898765',0),
	(9,'Nikolyshyn', 'Lesia', 'Olegivna', 'lesianykolishyn@gmail.com','0637879654',1),
	(10,'Samoyluik', 'Oleksandr', 'Viktorovych', 'samoyluik@mail.ru','0639896868',0),
	(11, N'Олена', N'Валова', N'Володимирівна', 'olenavalova@mail.ru','0686765432',1),
	(12, N'Костянтин', N'Вечірко', N'Олегович', 'vachirko.kos.p@mail.ru','0637685437',0),
	(13,'Bogdan', 'Asaulenko', 'Volodymyrovich', 'bogdan.as.o@mail.ru','0630982634',1),
	(14,'Oleg', 'Vorotnyak', 'Oleksiyovich', 'oleg.vorotnyak123@gmail.com','0637865400',0),
	(15,'Vasil', 'Babiy', 'Olegovich', 'vasyl.babiy333@mail.ru','0638796544',1),
	(16,'Viktoriya', 'Vorobey', 'Olegivna', 'viktoria.olegivna22@gmail.com','0637685541',1),
	(17,'Andrii', 'Zvarych', 'Volodymyrovych', 'fipsher123@gmail.com','0637685541',1),
	(18,'Marian', 'Maykher', 'Olegovych', 'mr.maykher@gmail.com','0637666541',1),
	(19,'Marta', 'Maherovska', 'Viktorivna', 'maher.marta.u@gmail.com','0690066541',1),
	(20,'Oleg', 'Dubanych', 'Vladyslavovych', 'oleg0594@gmail.com','0698866541',1),
	(21,'Petro', 'Zdebskiy', 'Petrovych', 'petrozd@gmail.com','0670096541',1)

SET IDENTITY_INSERT [dbo].[tblUser] OFF

SET IDENTITY_INSERT [dbo].[tblFacebookUser] ON
INSERT INTO [dbo].[tblFacebookUser] ([Id],[UserId],[UserName],[FirstName],[LastName],[Email],[ProfileLink],[ObtainedDate])
VALUES
	(1, 1, 'alex0234shevchuk', 'Oleksii', 'Shevchuk',  'oleksii.shevchuk.n@gmail.com','www.facebook.com/oleksiishevchuk', CONVERT(DATETIME, '2009-02-15', 102)),
	(2, 2, 'rostik8323burba', 'Rostislav', 'Burba', 'burba.ros111.gmail.com','www.facebook.com/burbaros', CONVERT(DATETIME, '2003-04-14', 102)),
	(3, 3, 'oleg4382yazepov', 'Oleg', 'Yazepov', 'oleg.yazopov22.@gmail.com','www.facebook.com/olegyazepov', CONVERT(DATETIME, '2004-02-03', 102)),
	(4, 4, 'igor7245chipak', 'Igor', 'Chipak', 'ehorka1994@gmail.com','www.facebook.com/igorchipak', CONVERT(DATETIME, '2003-03-18', 102)),
	(5, 5, 'vova5382steciv', 'Володимир', 'Стеців', 'volodymyrsteciv@gmail.com','www.facebook.com/volodymyrsteciv', CONVERT(DATETIME, '2004-05-16', 102)),
	(6, 6, 'olena3823sluhaevska', 'Олена', 'Слухаєвська', 'olena.slukhaevska@gmail.com','www.facebook.com/olenasluhaevska', CONVERT(DATETIME, '2007-02-15', 102)),
	(7, 7, 'koliada0342yan', 'Коляда', 'Ян', 'yan.forever111@gmail.com','www.facebook.com/yanforever', CONVERT(DATETIME, '2008-04-21', 102)),
	(8, 8, 'mykola8352asaulenko', 'Asaulenko', 'Mykola', 'mykola.asaulenko@gmail.com','www.facebook.com/mykolaasaulenko', CONVERT(DATETIME, '2008-08-25', 102)),
	(9, 9, 'lesia8234nikolyshyn', 'Nikolyshyn', 'Lesia', 'lesianykolishyn@gmail.com','www.facebook.com/lesianykolishyn', CONVERT(DATETIME, '2006-05-28', 102)),
	(10, 10, 'oleksandr83542samoyluik', 'Samoyluik', 'Oleksandr', 'samoyluik@mail.ru','www.facebook.com/samoyluik', CONVERT(DATETIME, '2007-01-14', 102)),
	(11, 11, 'olena2736valova', 'Олена', 'Валова', 'olenavalova@mail.ru','www.facebook.com/olenavalova',  CONVERT(DATETIME, '2008-03-05', 102)),
	(12, 12, 'kostia4935vechirko', 'Костянтин', 'Вечірко', 'vachirko.kos.p@mail.ru','www.facebook.com/vachirkokos', CONVERT(DATETIME, '2005-06-17', 102)),
	(13, 13, 'bogdan7432asaulenko', 'Bogdan', 'Asaulenko', 'bogdan.as.o@mail.ru','www.facebook.com/bogdanas', CONVERT(DATETIME, '2004-07-19', 102)),
	(14, 14, 'oleg7232vorotnyak', 'Oleg', 'Vorotnyak', 'oleg.vorotnyak123@gmail.com','www.facebook.com/olegvorotnyak', CONVERT(DATETIME, '2003-05-04', 102)),
	(15, 15, 'vasil5321babiy', 'Vasil', 'Babiy', 'vasyl.babiy333@mail.ru','www.facebook.com/vasylbabiy', CONVERT(DATETIME, '2001-06-03', 102)),
	(16, 16, 'vika8523vorobey', 'Viktoriya', 'Vorobey', 'viktoria.olegivna22@gmail.com','www.facebook.com/viktoriaolegivna', CONVERT(DATETIME, '2004-04-01', 102));
SET IDENTITY_INSERT [dbo].[tblFacebookUser] OFF
-----------------------------------Oleksii end

SET IDENTITY_INSERT [tblUserGroupState] ON
INSERT INTO [tblUserGroupState] ([Id], [Name])
VALUES
	(1, 'Active'),
	(2, 'Archived');
SET IDENTITY_INSERT [tblUserGroupState] OFF

SET IDENTITY_INSERT [tblUserGroup] ON
INSERT INTO [tblUserGroup] ([Id], [UserGroupStateId], [CreatedByUserId], [Name], [CreatedDate])
VALUES
 (1, 1, '052daaf2-0ba5-4708-bf7a-d60d433b617f', 'Application Engineer', CONVERT(DATETIME, '2016.04.25', 102)),
 (2, 1, '3af43ae6-6cd6-4eb3-afad-e783083bec99', 'Network Engineer', CONVERT(DATETIME, '2016.04.30', 102)),
 (3, 1, '4e9515fe-1585-44dc-98c0-dd4b3cac6fa7', 'Software Programmer', CONVERT(DATETIME, '2016.04.15', 102)),
 (4, 1, '5a424ab9-a8a5-458b-8838-463485525bea', 'Software Testing Engineer', CONVERT(DATETIME, '2016.04.22', 102)),
 (5, 1, 'fbe6492b-ddbc-4c1e-9fb6-63c01a2ebcfe', 'Trainee', CONVERT(DATETIME, '2016.04.21', 102));
SET IDENTITY_INSERT [tblUserGroup] OFF;

-----------------------------------Oleksii start
SET IDENTITY_INSERT [dbo].[tblUserToUserGroup] ON
INSERT INTO [dbo].[tblUserToUserGroup] ([Id],[UserId], [GroupId])
VALUES 
	(1, 1, 2),
	(2, 2, 2),
	(3, 3, 3),
	(4, 4, 4),
	(5, 5, 1),
	(6, 6, 5),
	(7, 7, 4),
	(8, 8, 3),
	(9, 9, 5),
	(10, 10, 5),
	(11, 11, 4),
	(12, 12, 1),
	(13, 13, 4),
	(14, 14, 5),
	(15, 15, 1),
	(16, 16, 2);
SET IDENTITY_INSERT [dbo].[tblUserToUserGroup] OFF
-----------------------------------Oleksii end


SET IDENTITY_INSERT tblTag ON;
INSERT INTO tblTag (Id, Name) 
VALUES
	(1, '.NET'),
	(2, 'Java'),
	(3, 'Sql'),
	(4, 'CSS'),
	(5, 'JavaScript');
SET IDENTITY_INSERT tblTag OFF;


SET IDENTITY_INSERT tblQuestionType ON;
INSERT INTO tblQuestionType (Id, TypeName, IsAutomatic)
VALUES
(1, 'Descriptive', 0),
(2, 'Select one', 1),
(3, 'Select many', 1);
SET IDENTITY_INSERT tblQuestionType OFF;


SET IDENTITY_INSERT tblTopic ON;
INSERT INTO tblTopic (Id, Name, Description)
VALUES
	(1, 'default', 'default');
SET IDENTITY_INSERT tblTopic OFF;


SET IDENTITY_INSERT tblQuestion ON;
INSERT INTO tblQuestion (Id, QuestionTypeId, TopicId, QuestionText, QuestionComplexity, IsActive)
VALUES
	(1, 2, 1, 'Which of the following is NOT a .NET Exception class?', 2, 1),
	(2, 1, 1, 'What are the two main kind of exceptions class?', 5, 1),
	(3, 1, 1, 'Why do we use finaly{}?', 5, 1),
	(4, 2, 1, 'Which of the following statements is correct about an Exception?', 2, 1),
	(5, 3, 1, 'Which of the following statements are correct about exception handling in C#.NET?', 4, 1),
	(6, 1, 1, 'What is CLR?', 5, 1),
	(7, 2, 1, 'What is CTS?', 3, 1),
	(8, 2, 1, 'Which of the following statements is correct about Managed Code?', 4, 1),
	(9, 2, 1, 'Which of the following jobs are NOT performed by Garbage Collector?', 3, 1),
	(10, 2, 1, 'Code that targets the Common Language Runtime is known as', 3, 1),
	(11, 3, 1, 'Which one of the following classes are present System.Collections.Generic namespace?', 4, 1),
	(12, 3, 1, 'Which of the following statements are valid about generics in .NET Framework?', 5, 1),
	(13, 2, 1, 'Which of the following statements is valid about advantages of generics?', 2, 1),
	(14, 2, 1, 'Which of the following statements is valid about generic procedures in C#.NET?', 3, 1),
	(15, 1, 1, 'What is the main difference between list and dictionary?', 5, 1),
	(16, 3, 1, 'Which of the following can be facilitated by the Inheritance mechanism?', 4, 1),
	(17, 2, 1, 'Which of the following should be used to implement a "Has a" relationship between two entities?', 3, 1),
	(18, 3, 1, 'In an inheritance chain which of the following members of base class are accessible to the derived class members?', 5, 1),
	(19, 2, 1, 'Which of the following should be used to implement a "Like a" or a "Kind of" relationship between two entities?', 4, 1),
	(20, 1, 1, 'What is interface in C#', 5, 1),
	(21, 1, 1, 'What are  main advantages in Java?',5, 1),
	(22, 3, 1, 'Which four options describe the correct default values for array elements of the types indicated?', 4, 1),
	(23, 2, 1, 'Which one of these lists contains only Java programming language keywords?', 3, 1),
	(24, 2, 1, 'Which will legally declare, construct, and initialize an array?', 2, 1),
	(25, 2, 1, 'Which is a reserved word in the Java programming language?', 2, 1 ),
	(26, 2, 1, 'What is the value of "d" after this line of code has been executed? double d = Math.round ( 2.5 + Math.random() );', 2, 1 ),
	(27, 2, 1, 'Which of the following would compile without error?', 2, 1),
	(28, 3, 1, 'Which of the following are valid calls to Math.max?', 4, 1),
	(29, 2, 1, 'What two statements are true about the result obtained from calling Math.random()?', 3, 1 ),
	(30, 1, 1, 'What do you know about wrapper or String classes?', 5, 1),
	(31, 2, 1, 'What is the name of the method used to start a thread execution?', 2, 1),
	(32, 3, 1, 'Which two are valid constructors for Thread?', 4, 1),
	(33, 2, 1, 'Which cannot directly cause a thread to stop executing?', 3, 1),
	(34, 3, 1, 'Which two of the following methods are defined in class Thread?', 4, 1),
	(35, 1, 1, 'What is multithreading?', 5, 1),
	(36, 1, 1, 'List the three steps for creating an Object for a class?', 5, 1),
	(37, 2, 1, 'Suppose that you would like to create an instance of a new Map that has an iteration order that is the same as the iteration order of an existing instance of a Map. Which concrete implementation of the Map interface should be used for the new instance?', 3, 1),
	(38, 2, 1, 'Which class does not override the equals() and hashCode() methods, inheriting them directly from class Object?', 2, 1),
	(39, 3, 1, 'Which of the following are Java reserved words?', 4, 1),
	(40, 2, 1, 'Which collection class allows you to associate its elements with key values, and allows you to retrieve objects in FIFO (first-in, first-out) sequence?', 3, 1),

	(41, 1, 1, 'What is an IL?', 10, 1),
	(42, 1, 1, 'What is Manifest?', 10, 1),
	(43, 1, 1, 'What is Common Type System (CTS)?', 10, 1),
	(44, 1, 1, 'State the differences between the Dispose() and Finalize().', 10, 1),
	(45, 1, 1, 'What is Difference between NameSpace and Assembly?', 10, 1),
	(46, 1, 1, 'What is Common Language Specification (CLS)?', 10, 1),
	(47, 1, 1, 'What is difference between System.String and System.StringBuilder classes?', 10, 1),
	(48, 1, 1, 'What is more efficient in respect of memory usage and performance: The use of string or the use of System.String?', 10, 1),
	(49, 1, 1, 'What is a base class and derived class?', 10, 1),
	(50, 1, 1, 'How do you prevent a class from being inherited?', 10, 1),
	(51, 2, 1, 'Can you override private virtual methods?', 10, 1),
	(52, 2, 1, 'Can you prevent your class from being inherited and becoming a base class for some other class?', 10, 1),
	(53, 2, 1, 'When do you absolutely have to declare a class abstract?', 10, 1),
	(54, 2, 1, 'When garbage collector run?', 10, 1),
	(55, 2, 1, 'Using or Imports statement', 10, 1),
	(56, 2, 1, 'JIT compiler is a part of the runtime execution environment', 10, 1),
	(57, 2, 1, 'What is strong name?', 10, 1),
	(58, 2, 1, 'Which of the following is not a .NET compatible language?', 10, 1),
	(59, 2, 1, 'Content of assembly can be viewed using', 10, 1),
	(60, 2, 1, 'Which of the following is not true about .Net structure?', 10, 1),
	(61, 2, 1, 'Which of the following is not the content of the assembly manifest?', 10, 1),
	(62, 2, 1, 'What is CTS in .NET?', 10, 1),
	(63, 2, 1, 'Common language specification(CLS)', 10, 1),
	(64, 1, 1, 'What is the difference between event and delegate?', 10, 1),
	(65, 1, 1, 'What is a shared assembly?', 10, 1),
	(66, 3, 1, 'Which of the following statment is correct?', 10, 1),
	(67, 3, 1, 'Which of the following is true for garbage collection?', 10, 1),
	(68, 2, 1, 'Which of the following does the actual .Net code execute?', 10, 1),
	(69, 3, 1, 'Features of automatic memory management in .Net', 10, 1),
	(70, 2, 1, 'Limitation of XML serialization', 10, 1),
	(71, 2, 1, ' __________ contains information about the assembly and the resources that it depends on', 10, 1),
	(72, 2, 1, 'When does Garbage collector run?', 10, 1),
	(73, 3, 1, 'What are the configuration files used by the .Net Framework?', 10, 1),
	(74, 2, 1, 'Which Types are supported by CTS?', 10, 1),
	(75, 2, 1, 'An Event has _____ as default return type', 10, 1),
	(76, 2, 1, 'What is the feature of a local variable?', 10, 1),
	(77, 2, 1, 'Two methods with the same name but with different parameters.', 10, 1),
	(78, 2, 1, 'Difference between Convert.ToString() and ToString()', 10, 1),
	(79, 3, 1, 'What are the features of readonly variables', 10, 1),
	(80, 2, 1, 'Boxing in .Net allows the user to convert', 10, 1),

	(81, 2, 1, 'What does SQL stand for?', 1, 1),
	(82, 2, 1, 'Which SQL statement is used to extract data from a database?', 1, 1),
	(83, 2, 1, 'Which SQL statement is used to update data in a database?', 1, 1),
	(84, 2, 1, 'Which SQL statement is used to delete data from a database?', 1, 1),
	(85, 2, 1, 'Which SQL statement is used to insert new data in a database?', 1, 1),
	(86, 2, 1, 'With SQL, how do you select a column named "FirstName" from a table named "Persons"?', 1, 1),
	(87, 2, 1, 'With SQL, how do you select all the columns from a table named "Persons"?', 1, 1),
	(88, 2, 1, 'With SQL, how do you select all the records from a table named "Persons" where the value of the column "FirstName" is "Peter"?', 1, 1),
	(89, 2, 1, 'With SQL, how do you select all the records from a table named "Persons" where the value of the column "FirstName" starts with an "a"?', 1, 1),
	(90, 2, 1, 'The OR operator displays a record if ANY conditions listed are true. The AND operator displays a record if ALL of the conditions listed are true', 1, 1),
	(91, 2, 1, 'With SQL, how do you select all the records from a table named "Persons" where the "FirstName" is "Peter" and the "LastName" is "Jackson"?', 2, 1),
	(92, 2, 1, 'With SQL, how do you select all the records from a table named "Persons" where the "LastName" is alphabetically between (and including) "Hansen" and "Pettersen"?', 2, 1),
	(93, 2, 1, 'Which SQL statement is used to return only different values?', 2, 1),
	(94, 2, 1, 'Which SQL keyword is used to sort the result-set?', 2, 1),
	(95, 2, 1, 'With SQL, how can you return all the records from a table named "Persons" sorted descending by "FirstName"?', 2, 1),
	(96, 2, 1, 'With SQL, how can you insert a new record into the "Persons" table?', 2, 1),
	(97, 2, 1, 'With SQL, how can you insert "Olsen" as the "LastName" in the "Persons" table?', 2, 1),
	(98, 2, 1, 'How can you change "Hansen" into "Nilsen" in the "LastName" column in the Persons table?', 2, 1),
	(99, 2, 1, 'With SQL, how can you delete the records where the "FirstName" is "Peter" in the Persons Table?', 2, 1),
	(100, 1, 1, 'Write script which get all rows from table "Products"', 4, 1),
	(101, 2, 1, 'What does CSS stand for?', 1, 1),
	(102, 2, 1, 'What is the correct HTML for referring to an external style sheet?', 1, 1),
	(103, 2, 1, 'Where in an HTML document is the correct place to refer to an external style sheet?', 1, 1),
	(104, 2, 1, 'Which HTML tag is used to define an internal style sheet?', 1, 1),
	(105, 2, 1, 'Which HTML attribute is used to define inline styles?', 1, 1),
	(106, 2, 1, 'Which is the correct CSS syntax?', 1, 1),
	(107, 2, 1, 'How do you insert a comment in a CSS file?', 1, 1),
	(108, 2, 1, 'Which property is used to change the background color?', 1, 1),
	(109, 2, 1, 'How do you add a background color for all <h1> elements?', 1, 1),
	(110, 2, 1, 'Which CSS property is used to change the text color of an element?', 1, 1),
	(111, 2, 1, 'Which CSS property controls the text size?', 2, 1),
	(112, 2, 1, 'What is the correct CSS syntax for making all the <p> elements bold?', 2, 1),
	(113, 2, 1, 'How do you make each word in a text start with a capital letter?', 2, 1),
	(114, 2, 1, 'Which property is used to change the font of an element?', 2, 1),
	(115, 2, 1, 'How do you make the text bold?', 2, 1),
	(116, 2, 1, 'Which property is used to change the left margin of an element?', 2, 1),
	(117, 2, 1, 'When using the padding property; are you allowed to use negative values?', 2, 1),
	(118, 2, 1, 'How do you select an element with id "demo"?', 2, 1),
	(119, 2, 1, 'How do you select elements with class name "test"?', 2, 1),
	(120, 1, 1, 'White style for h1 which has red text color', 4, 1),

	(121, 2, 1, 'Which one of these lists contains only Java programming language keywords?', 10, 1),
	(122, 2, 1, 'Which will legally declare, construct, and initialize an array?', 10, 1),
	(123, 2, 1, 'Which is a reserved word in the Java programming language?', 10, 1),
	(124, 2, 1, 'Which is a valid keyword in java?', 10, 1),
	(125, 2, 1, 'Which one of the following will declare an array and initialize it with five numbers?', 10, 1),
	(126, 2, 1, 'Which is the valid declarations within an interface definition?', 10, 1),
	(127, 2, 1, 'Which one is a valid declaration of a boolean?', 10, 1),
	(128, 2, 1, 'Which is a valid declarations of a String?', 10, 1),
	(129, 2, 1, 'What is the numerical range of a char?', 10, 1),
	(130, 2, 1, 'Which of the following would you use to test a variable for five different values?', 10, 1),

	(131, 2, 1, 'Which of the following snippets of code can be used to instantiate an object?', 10, 1),
	(132, 2, 1, 'Which keyword would you use to break out of a loop?', 10, 1),
	(133, 2, 1, 'Which method is used in every Java program?', 10, 1),
	(134, 2, 1, 'What is the purpose of a class constructor?', 10, 1),
	(135, 2, 1, 'What is the name of the process by which two or more strings are joined together?', 10, 1),
	(136, 2, 1, 'What is it called when an instance of a class is also an instance of its superclass?', 10, 1),
	(137, 2, 1, 'Which of the following can be used to access the first element of an array named arrOne?', 10, 1),
	(138, 2, 1, 'Which package needs to be imported so that you can accept user input?', 10, 1),
	(139, 2, 1, 'Which Java exception should be used to handle input/output errors?', 10, 1),
	(140, 2, 1, 'What kind of data will this variable store - char fName;', 10, 1),
	
	(141, 2, 1, 'Which of the following is correct about features of JavaScript?', 10, 1),
	(142, 2, 1, 'Which built-in method removes the last element from an array and returns that element?', 10, 1),
	(143, 2, 1, 'Which of the following code creates an object?', 10, 1),
	(144, 2, 1, 'Which of the following function of String object returns the character at the specified index?', 10, 1),
	(145, 2, 1, 'Which of the following function of String object is used to match a regular expression against a string?', 10, 1),
	(146, 2, 1, 'Which of the following function of String object returns the calling string value converted to upper case?', 10, 1),
	(147, 2, 1, 'Which of the following function of String object causes a string to be displayed in the specified color as if it were in a <font color=''color''> tag?', 10, 1),
	(148, 2, 1, 'Which of the following function of Array object returns the first (least) index of an element within the array equal to the specified value, or -1 if none is found?', 10, 1),
	(149, 2, 1, 'Which of the following function of Array object represents the source code of an object?', 10, 1),
	(150, 2, 1, 'Which of the following is true about variable naming conventions in JavaScript?', 10, 1),
		  
	(151, 2, 1, 'Which of the following is the correct syntax to create a cookie using JavaScript?', 10, 1),
	(152, 2, 1, 'Which built-in method combines the text of two strings and returns a new string?', 10, 1),
	(153, 2, 1, 'Which of the following code creates an object?', 10, 1),
	(154, 2, 1, 'Which of the following function of String object combines the text of two strings and returns a new string?', 10, 1),
	(155, 2, 1, 'Which of the following function of String object splits a String object into an array of strings by separating the string into substrings?', 10, 1),
	(156, 2, 1, 'Which of the following function of String object returns the primitive value of the specified object.', 10, 1),
	(157, 2, 1, 'Which of the following is a disadvantage of using JavaScript?', 10, 1),
	(158, 2, 1, 'Which of the following is the correct syntax to print a page using JavaScript?', 10, 1),
	(159, 2, 1, 'Which of the following type of variable takes precedence over other if names are same?', 10, 1),
	(160, 2, 1, 'Which of the following function of Array object returns true if every element in this array satisfies the provided testing function?', 10, 1),

	(161, 2, 1, 'It translates all high level instructions into machine code first before running the program.', 1, 1),
	(162, 2, 1, 'It contains several items or controls that you can use in your applications.', 1, 1),
	(163, 2, 1, 'The control that is used to display text in other parts of the application.', 1, 1),
	(164, 2, 1, 'It allows the user to design the user interface for an application.', 1, 1),
	(165, 2, 1, 'It is the starting point of your C# .NET applications.', 1, 1),
	(166, 2, 1, 'It is a programming language that uses 0s and 1s.', 1, 1),
	(167, 2, 1, 'It displays the properties that are associated with an object.', 1, 1),
	(168, 2, 1, 'The Java and C# .NET belong to this type of programming language.', 1, 1),
	(169, 2, 1, 'It is the window to use in adding Windows Form.', 1, 1),
	(170, 2, 1, 'The control that is used to accept input from the user.', 2, 1),
	(171, 2, 1, 'The program that supports the creation of application for wireless, Internet-enabled hand-held devices.', 2, 1),
	(172, 2, 1, 'It is the process of giving step-by-step instruction to a computer.', 2, 1),
	(173, 2, 1, 'Which one of the following statements is correct?', 2, 1),
	(174, 2, 1, 'Which of the following is correct about variable naming conventions in C#?', 2, 1),
	(175, 2, 1, 'Which of the following is correct about reference type variables in C#?', 2, 1),
	(176, 2, 1, 'Which of the following converts a type (integer or string type) to date-time structures in C#?', 2, 1),
	(177, 2, 1, 'Which of the following converts a type to an unsigned big type in C#?', 3, 1),
	(178, 2, 1, 'Which of the following access specifier in C# allows a class to expose its member variables and member functions to other functions and objects in the current assembly?', 3, 1),
	(179, 2, 1, 'Which of the following property of Array class in C# gets the rank (number of dimensions) of the Array?', 3, 1),
	(180, 2, 1, 'Which of the following is the default access specifier of a class member variable?', 3, 1),

	(181, 2, 1, 'What does SQL stand for?', 1, 1),
	(182, 2, 1, 'Which SQL statement is used to extract data from a database?', 1, 1),
	(183, 2, 1, 'Which SQL statement is used to update data in a database?', 1, 1),
	(184, 2, 1, 'Which SQL statement is used to delete data from a database?', 1, 1),
	(185, 2, 1, 'Which SQL statement is used to insert new data in a database?', 1, 1),
	(186, 2, 1, 'With SQL, how do you select a column named "FirstName" from a table named "Persons"?', 2, 1),
	(187, 2, 1, 'With SQL, how do you select all the columns from a table named "Persons"?', 2, 1),
	(188, 2, 1, 'With SQL, how do you select all the records from a table named "Persons" where the value of the column "FirstName" is "Peter"?', 2, 1),
	(189, 2, 1, 'With SQL, how do you select all the records from a table named "Persons" where the value of the column "FirstName" starts with an "a"?', 2, 1),
	(190, 2, 1, 'The OR operator displays a record if ANY conditions listed are true. The AND operator displays a record if ALL of the conditions listed are true', 2, 1),
	(191, 2, 1, 'With SQL, how do you select all the records from a table named "Persons" where the "FirstName" is "Peter" and the "LastName" is "Jackson"?', 3, 1),
	(192, 2, 1, 'With SQL, how do you select all the records from a table named "Persons" where the "LastName" is alphabetically between (and including) "Hansen" and "Pettersen"?', 3, 1),
	(193, 2, 1, 'Which SQL statement is used to return only different values?', 3, 1),
	(194, 2, 1, 'Which SQL keyword is used to sort the result-set?', 3, 1),
	(195, 2, 1, 'With SQL, how can you return all the records from a table named "Persons" sorted descending by "FirstName"?', 3, 1),
	(196, 2, 1, 'With SQL, how can you insert a new record into the "Persons" table?', 4, 1),
	(197, 2, 1, 'With SQL, how can you insert "Olsen" as the "LastName" in the "Persons" table?', 4, 1),
	(198, 2, 1, 'How can you change "Hansen" into "Nilsen" in the "LastName" column in the Persons table?', 4, 1),
	(199, 2, 1, 'With SQL, how can you delete the records where the "FirstName" is "Peter" in the Persons Table?', 4, 1),
	(200, 2, 1, 'With SQL, how can you return the number of records in the "Persons" table?', 4, 1);
SET IDENTITY_INSERT tblQuestion OFF;


INSERT INTO tblQuestionTag (QuestionId, TagId)
VALUES
	(1, 1),
	(2, 1),
	(3, 1),
	(4, 1),
	(5, 1),
	(6, 1),
	(7, 1),
	(8, 1),
	(9, 1),
	(10, 1),
	(11, 1),
	(12, 1),
	(13, 1),
	(14, 1),
	(15, 1),
	(16, 1),
	(17, 1),
	(18, 1),
	(19, 1),
	(20, 1),
	
	(21, 2),
	(22, 2),
	(23, 2),
	(24, 2),
	(25, 2),
	(26, 2),
	(27, 2),
	(28, 2),
	(29, 2),
	(30, 2),
	(31, 2),
	(32, 2),
	(33, 2),
	(34, 2),
	(35, 2),
	(36, 2),
	(37, 2),
	(38, 2),
	(39, 2),
	(40, 2),

	(41, 1),
	(42, 1),
	(43, 1),
	(44, 1),
	(45, 1),
	(46, 1),
	(47, 1),
	(48, 1),
	(49, 1),
	(50, 1),
	(51, 1),
	(52, 1),
	(53, 1),
	(54, 1),
	(55, 1),
	(56, 1),
	(57, 1),
	(58, 1),
	(59, 1),
	(60, 1),
	
	(61, 1),
	(62, 1),
	(63, 1),
	(64, 1),
	(65, 1),
	(66, 1),
	(67, 1),
	(68, 1),
	(69, 1),
	(70, 1),
	(71, 1),
	(72, 1),
	(73, 1),
	(74, 1),
	(75, 1),
	(76, 1),
	(77, 1),
	(78, 1),
	(79, 1),
	(80, 1),
	
	(81, 3),
	(82, 3),
	(83, 3),
	(84, 3),
	(85, 3),
	(86, 3),
	(87, 3),
	(88, 3),
	(89, 3),
	(90, 3),
	(91, 3),
	(92, 3),
	(93, 3),
	(94, 3),
	(95, 3),
	(96, 3),
	(97, 3),
	(98, 3),
	(99, 3),
	(100, 4),

	(101, 4),
	(102, 4),
	(103, 4),
	(104, 4),
	(105, 4),
	(106, 4),
	(107, 4),
	(108, 4),
	(109, 4),
	(110, 4),
	(111, 4),
	(112, 4),
	(113, 4),
	(114, 4),
	(115, 4),
	(116, 4),
	(117, 4),
	(118, 4),
	(119, 4),
	(120, 4),

	(121, 2),
	(122, 2),
	(123, 2),
	(124, 2),
	(125, 2),
	(126, 2),
	(127, 2),
	(128, 2),
	(129, 2),
	(130, 2),	
	(131, 2),
	(132, 2),
	(133, 2),
	(134, 2),
	(135, 2),
	(136, 2),
	(137, 2),
	(138, 2),
	(139, 2),
	(140, 2),
	
	(141, 5),
	(142, 5),
	(143, 5),
	(144, 5),
	(145, 5),
	(146, 5),
	(147, 5),
	(148, 5),
	(149, 5),
	(150, 5),		  
	(151, 5),
	(152, 5),
	(153, 5),
	(154, 5),
	(155, 5),
	(156, 5),
	(157, 5),
	(158, 5),
	(159, 5),
	(160, 5),

	(161, 1),
	(162, 1),
	(163, 1),
	(164, 1),
	(165, 1),
	(166, 1),
	(167, 1),
	(168, 1),
	(169, 1),
	(170, 1),
	(171, 1),
	(172, 1),
	(173, 1),
	(174, 1),
	(175, 1),
	(176, 1),
	(177, 1),
	(178, 1),
	(179, 1),
	(180, 1),
	
	(181, 3),
	(182, 3),
	(183, 3),
	(184, 3),
	(185, 3),
	(186, 3),
	(187, 3),
	(188, 3),
	(189, 3),
	(190, 3),
	(191, 3),
	(192, 3),
	(193, 3),
	(194, 3),
	(195, 3),
	(196, 3),
	(197, 3),
	(198, 3),
	(199, 3),
	(200, 3);


SET IDENTITY_INSERT tblAnswer ON;
INSERT INTO tblAnswer (Id, AnswerText, AnswerOrder, IsRight)
VALUES 
    (1, 'Yes', 1, 0),
    (2, 'No', 2, 1),
    (3, 'Yes', 1, 1),
    (4, 'No', 2, 0),
    (5, 'At least one of the methods in class is abstract', 1, 1),
    (6, 'All methods in class are abstract', 2, 0),
    (7, 'Every 15 min', 1, 0),
    (8, 'Everyday at 0.00 am', 2, 0),
    (9, 'All the time', 3, 0),
    (10, 'None of the above', 4, 1),
    (11, 'Allows references to members of a namespace without using the fully qualified name', 1, 1),
    (12, 'Use to reference an external library', 2, 0),
    (13,  'Both a and b', 3, 0),
    (14,  'Yes', 1, 1),
    (15,  'No', 2, 0),
    (16,  'It is similar to GUID in COM', 1, 0),
    (17,  'It is required when we need to deploy assembly in GAC', 2, 0),
    (18,  'It helps GAC to differentiate between tow versions', 3, 0),
    (19,  'All of the above', 4, 1),
    (20,  'C#', 1, 0),
    (21,  'J#', 2, 0),
    (22,  'VB.NET', 3, 0),
    (23,  'Java', 4, 1),
    (24,  'ILDASM.exe', 1, 1),
    (25,  'ILDASM.dll', 2, 0),
    (26,  'ILDASM.inc', 3, 0),
    (27,  'ILDASM.aspx', 4, 0),
    (28,  'Structures are value types', 1, 0),
    (29,  'Structures use new keyword upon instantiation', 2, 0),
    (30,  'Structures can have events as member', 3, 0),
    (31,  'Structures are reference types', 4, 1),
    (32,  'Version number', 1, 0),
    (33,  'Strong name', 2, 0),
    (34,  'Culture', 3, 0),
    (35,  'Assembly source code', 4, 1),
    (36,  'Defines rules concerning data types', 1, 1),
    (37,  'Defines a set of rules for all compilers to generate manage code for .NET', 2, 0),
    (38,  'Describes a set of features that different languages have in common', 3, 0),
    (39,  'None of the above', 4, 0),
    (40,  'is an execution engine for all .net application', 1, 0),
    (41,  'is similar to JVM as in Java', 2, 0),
    (42,  'defines standard rules for defining .Net compliant languages', 3, 1),
    (43,  'is a compiler', 4, 0),
    (44,  'CLR is an execution engine of .NET', 1, 1),
    (45,  'Assembly is a logical unit of deployment', 2, 1),
    (46,  'CLR executes manage code', 3, 1),
    (47,  '.Net provides cross language interoperability using code access security', 4, 0),
    (48,  'It manages the reclamation of unused memory', 1, 1),
    (49,  'It deals with circular references', 2, 1),
    (50,  'You can be certain when an object will be reclaimed by garbage collector', 3, 0),
    (51,  'It disposes unreferenced objects', 4, 1),
    (52,  'CLS', 1, 0),
    (53,  'MSIL', 2, 0),
    (54,  'CTS', 3, 0),
    (55,  'CLR', 4, 1),
    (56,  'Allocating memory', 1, 1),
    (57,  'Releasing memory', 2, 1),
    (58,  'Implementing finalizers', 3, 1),
    (59,  'It doesnt serialize type information', 1, 1),
    (60,  'It can not serialize DataSet objects', 2, 0),
    (61,  'It can not serialize XMLNode object', 3, 0),
    (62,  'MSIL', 1, 0),
    (63,  'Assembly manifest', 2, 1),
    (64,  'GAC', 3, 0),
    (65,  'Every one minute', 1, 0),
    (66,  'When application is running low of memory', 2, 1),
    (67,  'It runs randomly', 3, 0),
    (68,  'Machine configuration', 1, 1),
    (69,  'Application configuration file', 2, 1),
    (70,  'Security configuration file', 3, 1),
    (71,  'Value types', 1, 0),
    (72,  'Refernce types', 2, 0),
    (73,  'Both', 3, 1),
    (74,  'No return type for events', 1, 1),
    (75,  'Integer', 2, 0),
    (76,  'String', 3, 0),
    (77,  'It can be used anywhere in the program', 1, 0),
    (78,  'It must be declared within a method', 2, 1),
    (79,  'It represent a class object', 3, 0),
    (80,  'Overloading', 1, 1),
    (81,  'Multiplexing', 2, 0),
    (82,  'Inheritance', 3, 0),
    (83,  'Convert.ToString() handle null values but ToString() do not', 1, 1),
    (84,  'ToString() handle null values but Convert.ToString() do not', 2, 0),
    (85,  'Convert.ToString() only handle null values', 3, 0),
    (86,  'It is allocated at compile time', 1, 1),
    (87,  'Declaration and initialization can be separated', 2, 1),
    (88,  'It is initialized at run time', 3, 1),
    (89,  'a reference type to a value type', 1, 0),
    (90,  'a value type to a reference type', 2, 1),
    (91,  'a interger type to double', 3, 0),
 
    (92,  'int -> 0', 1, 1),
    (93,  'String -> "null"', 2, 0),
    (94,  'char -> "\u0000"', 3, 1),
    (95,  'float -> 0.0f', 4, 1),
    (96, 'StackMemoryException', 1, 1),
    (97, 'DivideByZeroException', 2, 0),
    (98, 'OutOfMemoryException', 3, 0),
    (99, 'InvalidOperationException',4, 0),
    (100, 'It occurs during compilation.', 1, 0),
    (101, 'It occurs during linking.', 2, 0),
    (102, ' It occurs at run-time.', 3, 1),
    (103, 'It occurs during Just-In-Time compilation.', 4, 0),
    (104, 'If our program does not catch an exception then the .NET CLR catches it.', 1, 1),
    (105, 'It is possible to create user-defined exceptions.', 2,1),
    (106, 'All types of exceptions can be caught using the Exception class.', 3, 1),
    (107, 'CLRExceptions is the base class for all exception classes.', 4, 0),
    (108, 'The Common Type System (CTS) standardizes the data types of all programming languages using .NET under the umbrella of .NET to a common data type for easy and smooth communication among these .NET languages.', 1, 1),
    (109, '.Net compiler', 2, 0),
    (110, 'The runtime host for desktop applications is API function called CorbinToRuntime.', 3, 0),
    (111, 'Managed code is the code that is compiled by the JIT compilers.', 1, 0),
    (112, 'Managed code is the code where resources are Garbage Collected.', 2, 0),
    (113, 'Managed code is the code that runs on top of Windows.', 3, 0),
    (114, 'Managed code is the code that is written to target the services of the CLR.', 4, 1),
    (115, 'Avoiding memory leaks.', 1, 0),
    (116, 'Freeing memory occupied by unreferenced objects.', 2, 0),
    (117, 'Closing unclosed database collections.', 3, 1),
    (118, 'Unmanaged', 1, 0),
    (119, 'Distributed', 2, 0),
    (120, 'Legacy', 3, 0),
    (121, 'Managed Code',4, 1),
    (122, 'Tree', 1, 0),
    (123, 'Stack', 2, 1),
    (124, 'SortedDictionary', 3, 1),
    (125, 'SortedArray', 4, 0),
    (126, 'Generics is a language feature.', 1, 1),
    (127, 'We can create a generic class, however, we cannot create a generic interface in C#.NET.', 2,0),
    (128, 'Generics are useful in collection classes in .NET framework.', 3 ,1),
    (129, 'None of the above', 4, 0),
    (130, 'Generics shift the burden of type safety to the programmer rather than compiler.', 1,0),
    (131, 'Generics require use of explicit type casting.', 2, 0),
    (132, 'Generics provide type safety without the overhead of multiple implementations.', 3, 1),
    (133, 'All procedures in a Generic class are generic.', 1, 0),
    (134, 'Generic procedures must take at least one type parameter.', 2, 1),
    (135, 'Generic procedures can take at the most one generic parameter.', 3, 0),
    (136, 'Only those procedures labeled as Generic are generic.',4, 0),
    (137, 'Use the existing functionality of base class.', 1, 1),
    (138, 'Overrride the existing functionality of base class.', 2, 1),
    (139, 'Implement new functionality in the derived class.', 3, 1),
    (140, 'Implement polymorphic behaviour.', 4, 0),
    (141, 'Implement containership.', 5, 0),
    (142, 'Polymorphism ', 1, 0),
    (143, 'Containership',2,1),
    (144, 'Inheritance', 3, 0),
    (145, 'Encapsulation', 4, 0),
    (146, 'static', 1, 0),
    (147, 'private', 2, 0),
    (148, 'protected', 3, 1),
    (149, 'public', 4, 1),
    (150, 'Polymorphism', 1, 0),
    (151, 'Templates', 2, 0),
    (160, 'Inheritance', 3, 1),
    (161, 'Encapsulation', 4, 0),
    (162, 'class, if, void, long, Int, continue', 1, 0),
    (163, 'to, instanceof, native, finally, default, throws', 2, 1),
    (164, 'strictfp, constant, super, implements, do', 3, 0),
    (165, 'int [] myList = {"1", "2", "3"};', 1, 0),
    (166, 'int myList [] [] = {4,9,7,0};', 2, 0),
    (167, 'int myList [] = {4, 3, 7};', 3, 1),
    (168, 'int [] myList = (5, 8, 2);', 4, 0),
    (169, 'method', 1, 0),
    (170, 'subclasses', 2, 0),
    (171, 'native', 3, 1),
    (172, '3', 1, 1),
    (173, '6', 2, 0),
    (174, '2', 3, 0),
    (175, '4', 4, 0),
    (176, 'int b = Math.abs(5.0);',1, 0),
    (177, 'int a = Math.abs(-5);', 2, 1),
    (178, 'int c = Math.abs(5.5F);', 3, 0),
    (179, 'Math.max(1,4)', 1, 1 ),
    (180, 'Math.max(2.3, 5)', 2, 1),
    (181, 'Math.max(1, 3, 5, 7)', 3, 0),
    (182, 'Math.max(-1.5, -2.8f)', 4, 1),
    (183, 'The result is greater than or equal to 0.0..', 1,1),
    (184, 'The result is greater than 1.0.', 2,0),
    (185, 'The result is greater than or equal to 1.0.', 3,0),
    (186, 'init();', 1, 0),
    (187, 'start();', 2, 1),
    (188, 'resume();', 3, 0),
    (189, 'Thread(Runnable r, String name)', 1, 1),
    (190, 'Thread()', 2, 1),
    (191, 'Thread(int priority)', 3,0),
    (192, 'Thread(Runnable r, ThreadGroup g)', 4,0),
    (193, 'Calling the SetPriority() method on a Thread object.', 1, 0),
    (194, 'Calling the wait() method on an object.', 2, 0),
    (195, 'Calling notify() method on an object.', 3, 1),
    (196, 'start()', 1, 1),
    (197, 'wait()', 2, 0),
    (198, 'notify()', 3, 0),
    (199, 'run()', 4, 1),
    (200, 'terminate()', 5, 0),
    (201, 'TreeMap',1, 0),
    (202, 'HashMap', 2, 0),
    (203, 'LinkedHashMap', 3, 1),
    (204, 'The answer depends on the implementation of the existing instance.', 4, 0),
    (205, 'java.lang.String ', 1, 0),
    (206, 'java.lang.StringBuffer', 2, 1),
    (207, 'java.lang.Double', 3, 0),
    (208, 'java.lang.Character', 4, 0),
    (209, 'run', 1,0 ),
    (210, 'import', 2,1),
    (211, 'default', 3,1),
    (212, 'implement', 4, 0),
    (213, 'java.util.ArrayList', 1, 0),
    (214, 'java.util.LinkedHashMap', 2, 1),
    (215, 'java.util.HashMap', 3, 0),
    (216, 'java.util.TreeMap', 4, 0),
 
    (301, 'Strong Question Language', 1, 0),
    (302, 'Structured Query Language', 2, 1),
    (303, 'Structured Question Language', 3, 0),
    (304, 'GET', 1, 0),
    (305, 'SELECT', 2, 1),
    (306, 'OPEN', 3, 0),
    (307, 'SAVE', 1, 0),
    (308, 'MODIFY', 2, 0),
    (309, 'UPDATE', 3, 1),
    (310, 'REMOVE', 1, 0),
    (311, 'COLLAPSE', 2, 0),
    (312, 'DELETE', 3, 1),
    (313, 'ADD NEW', 1, 0),
    (314, 'INSERT INTO', 2, 1),
    (315, 'INSERT NEW', 3, 0),
    (316, 'SELECT Persons.FirstName', 1, 0),
    (317, 'EXTRACT FirstName FROM Persons', 2, 1),
    (318, 'SELECT FirstName FROM Persons', 3, 0),
    (319, 'SELECT * FROM Persons', 1, 1),
    (320, 'SELECT Persons', 2, 0),
    (321, 'SELECT [all] FROM Persons', 3, 0),
    (322, 'SELECT * FROM Persons WHERE FirstName<>"Peter"', 1, 0),
    (323, 'SELECT [all] FROM Persons WHERE FirstName LIKE "Peter"', 2, 0),
    (324, 'SELECT * FROM Persons WHERE FirstName="Peter"', 3, 1),
    (325, 'SELECT * FROM Persons WHERE FirstName LIKE "a%"', 1, 1),
    (326, 'SELECT * FROM Persons WHERE FirstName="a"', 2, 0),
    (327, 'SELECT * FROM Persons WHERE FirstName="%a%"', 3, 0),
    (328, 'False', 1, 0),
    (329, 'True', 2, 1),
    (330, 'I don"t know', 3, 0),
    (331, 'SELECT * FROM Persons WHERE FirstName<>"Peter" AND LastName<>"Jackson"', 1, 0),
    (332, 'SELECT FirstName="Peter", LastName="Jackson" FROM Persons', 2, 0),
    (333, 'SELECT * FROM Persons WHERE FirstName="Peter" AND LastName="Jackson"', 3, 1),
    (334, 'SELECT * FROM Persons WHERE LastName>"Hansen" AND LastName<"Pettersen"', 1, 0),
    (335, 'SELECT * FROM Persons WHERE LastName BETWEEN "Hansen" AND "Pettersen"', 2, 1),
    (336, 'SELECT LastName>"Hansen" AND LastName<"Pettersen" FROM Persons', 3, 0),
    (337, 'SELECT UNIQUE', 1, 0),
    (338, 'SELECT DISTINCT', 2, 1),
    (339, 'SELECT DIFFERENT', 3, 0),
    (340, 'ORDER', 1, 0),
    (341, 'ORDER BY', 2, 1),
    (342, 'SORT BY', 3, 0),
    (343, 'SORT', 4, 0),
    (344, 'SELECT * FROM Persons ORDER BY FirstName DESC', 1, 1),
    (345, 'SELECT * FROM Persons SORT "FirstName" DESC', 2, 0),
    (346, 'SELECT * FROM Persons ORDER FirstName DESC', 3, 0),
    (347, 'INSERT INTO Persons VALUES ("Jimmy", "Jackson")', 1, 1),
    (348, 'INSERT VALUES ("Jimmy", "Jackson") INTO Persons', 2, 0),
    (349, 'INSERT ("Jimmy", "Jackson") INTO Persons', 3, 0),
    (350, 'INSERT INTO Persons (LastName) VALUES ("Olsen")', 1, 1),
    (351, 'INSERT INTO Persons ("Olsen") INTO LastName', 2, 0),
    (352, 'INSERT ("Olsen") INTO Persons (LastName)', 3, 0),
    (353, 'UPDATE Persons SET LastName="Hansen" INTO LastName="Nilsen"', 1, 0),
    (354, 'MODIFY Persons SET LastName="Nilsen" WHERE LastName="Hansen"', 2, 0),
    (355, 'UPDATE Persons SET LastName="Nilsen" WHERE LastName="Hansen"', 3, 1),
    (356, 'DELETE FROM Persons WHERE FirstName = "Peter"', 1, 1),
    (357, 'DELETE ROW FirstName="Peter" FROM Persons', 2, 0),
    (358, 'DELETE FirstName="Peter" FROM Persons', 3, 0),
    (359,  'Cascading Style Sheets', 1, 1),
    (360,  'Creative Style Sheets', 2, 0),
    (361,  'Computer Style Sheets', 3, 0),
    (362,  '<style src="mystyle.css">', 1, 0),
    (363,  '<link rel="stylesheet" type="text/css" href="mystyle.css">', 2, 1),
    (364,  '<stylesheet>mystyle.css</stylesheet>', 3, 0),
    (365,  'At the end of the document', 1, 0),
    (366,  'In the <head> section', 2, 1),
    (367,  'In the <body> section', 3, 0),
    (368,  '<css>', 1, 0),
    (369,  '<style>', 2, 1),
    (370,  '<script>', 3, 0),
    (371,  'font', 1, 0),
    (372,  'class', 2, 0),
    (373,  'style', 3, 1),
    (374,  'styles', 4, 0),
    (375,  '{body;color:black;}', 1, 0),
    (376,  'body {color: black;}', 2, 1),
    (377,  '{body:color=black;}', 3, 0),
    (378,  '// this is a comment', 1, 0),
    (379,  '// this is a comment //', 2, 0),
    (380,  '/* this is a comment */', 3, 1),
    (381,  'color', 1, 0),
    (382,  'background-color', 2, 1),
    (383,  'bgcolor', 3, 0),
    (384,  'h1 {background-color:#FFFFFF;}', 1, 1),
    (385,  'h1.all {background-color:#FFFFFF;}', 2, 0),
    (386,  'all.h1 {background-color:#FFFFFF;}', 3, 0),
    (387,  'fgcolor', 1, 0),
    (388,  'text-color', 2, 0),
    (389,  'color', 3, 1),
    (390,  'font-size', 1, 1),
    (391, 'text-size', 2, 0),
    (392, 'text-style', 3, 0),
    (393, '<p style="font-size:bold;">', 1, 0),
    (394, '<p style="text-size:bold;">', 2, 0),
    (395, 'p {font-weight:bold;}', 3, 1),
    (396, 'p {text-size:bold;}', 4, 0),
    (397, 'text-transform:capitalize', 1, 1),
    (398, 'text-transform:uppercase', 2, 0),
    (399, 'You can"t do that with CSS', 3, 0),
    (400, 'font', 1, 0),
    (401, 'Both font-family and font can be used', 2, 1),
    (402, 'font-family', 3, 0),
    (403, 'family', 4, 0),
    (404, 'font-weight:bold;', 1, 1),
    (405, 'font:bold;', 2, 0),
    (406, 'style:bold;', 3, 0),
    (407, 'indent', 1, 0),
    (408, 'padding-left', 2, 0),
    (409, 'margin-left', 3, 1),
    (410, 'No', 1, 1),
    (411, 'Yes', 2, 0),
    (412, 'I don"t know', 3, 0),
    (413, 'demo', 1, 0),
    (414, '*demo', 2, 0),
    (415, '#demo', 3, 1),
    (416, '.demo', 4, 0),
    (417, 'test', 1, 0),
    (418, '.test', 2, 1),
    (419, '#test', 3, 0),
    (420, '*test', 4, 0),

	(421, 'System Exception - Mainly used for inbuilt exceptions like Null Ref Exception,Overflow Exception,Argument.etc. Application Exception - This class is used for user defined exceptions.', 1, 1),
	(422, 'A finally block, in the context of C#, refers to a block of statements that are always executed, regardless of unexpected events or exceptions that may occur during an application execution. It is used optionally with the try/catch block and guarantees the execution of any code that must be executed before exiting the try block, regardless of the success or failure of the application execution.', 1, 1),
	(423, 'Short for Common Language Runtime, a runtime environment that manages the execution of .NET program code and provides services such as memory and exception management, debugging and profiling, and security. The CLR is a major component of the .NET framework.', 1, 1),
	(424, 'List<> and Dictionary<,> - pretty different data structures which used for different purposes, List is simply a set of items and Dictionary is a set of key-value pairs.', 1, 1),
	(425, 'An interface is defined as a syntactical contract that all the classes inheriting the interface should follow. The interface defines the what part of the syntactical contract and the deriving classes define the how part of the syntactical contract. Interfaces define properties, methods, and events, which are the members of the interface. Interfaces contain only the declaration of the members. It is the responsibility of the deriving class to define the members. It often helps in providing a standard structure that the deriving classes would follow.', 1, 1),
	(426, '1.Java is easy to learn. 2.Java is object-oriented. 3.Java is platform-independent. 4.Java is distributed. 5.Java is secure. 6.Java is robust. 7.Java is multithreaded', 1, 1),
	(427, 'Wrapper classes are used to "wrap" the primitives data types into objects so that they can be included in the activities which are reseved for the objects. String class wraps the string literals to an object.', 1, 1),
	(428, 'Multithreading is the ability of an operating system to execute the different parts of the program, called threads, simultaneously. The program has to be designed well so that the different threads do not interfere with each other. This concept helps to create scalable applications because you can add threads as and when needed.', 1, 1),
	(429, 'An Object is first declared, then instantiated and then it is initialized.', 1, 1),
	(430, 'Intermediate language (IL) is an object-oriented programming language designed to be used by compilers for the .NET Framework before static or dynamic compilation to machine code. The IL is used by the .NET Framework to generate machine-independent code as the output of compilation of the source code written in any .NET programming language.', 1, 1),
	(431, 'An assembly manifest contains all the metadata needed to specify the assembly version requirements and security identity, and all metadata needed to define the scope of the assembly and resolve references to resources and classes.', 1, 1),
	(432, 'Common Type System (CTS) describes a set of types that can be used in different .Net languages in common . That is , the Common Type System (CTS) ensure that objects written in different .Net languages can interact with each other. For Communicating between programs written in any .NET complaint language, the types have to be compatible on the basic level.', 1, 1),
	(433, 'Finalize: nondeterministic destructor/finalizer called automatically by the Garbage Collector when there are no more references to this instance. Dispose: deterministically called by the developer on an object implementing IDisposable to free resources.', 1, 1),
	(434, '.Net Namespace provides the fundamental unit of logical code grouping while an assembly provides a fundamental unit of physical code grouping.', 1, 1),
	(435, 'Common Language Specification (CLS) is a set of basic language features that .Net Languages needed to develop Applications and Services , which are compatible with the .Net Framework. When there is a situation to communicate Objects written in different .Net Complaint languages , those objects must expose the features that are common to all the languages . Common Language Specification (CLS) ensures complete interoperability among applications, regardless of the language used to create the application.', 1, 1),
	(436, 'The main difference is system.string is immutable and system.stringbuilder is a mutable. Append keyword is used in string builder but not in system.string. Immutable means once we created we cannot modified. Suppose if we want give new value to old value simply it will discarded the old value and it will create new instance in memory to hold the new value.', 1, 1),
	(437, 'It doesn’t matter which one you take, they perform equally. string is a synonym for System.String. Therefore it does not matter if you take string or System.String.', 1, 1),
	(438, 'You can extend the functionality of an existing class by creating a new class that derives from the existing class. The derived class inherits the properties of the base class, and you can add or override methods and properties as required.', 1, 1),
	(439, 'Use the sealed keyword in order to prevent a class from being inherited', 1, 1),
	(440, 'An Event declaration adds a layer of abstraction and protection on the delegate instance. This protection prevents clients of the delegate from resetting the delegate and its invocation list and only allows adding or removing targets from the invocation list.', 1, 1),
	(441, 'A shared assembly is an assembly available for use by multiple applications on the computer.', 1, 1),
	(442, 'SELECT * FROM Products', 1, 1),
	(443, 'h1 { color: red;}', 1, 1),
 
    (1211, 'class, if, void, long, Int, continue', 1, 0),
    (1212, 'to, instanceof, native, finally, default, throws', 2, 1),
    (1213, 'try, virtual, throw, final, volatile, transient', 3, 0),
    (1214, 'strictfp, constant, super, implements, do', 4, 0),
 
    (1221, 'int [] myList = {"1", "2", "3"};', 1, 0),
    (1222, 'int [] myList = (5, 8, 2);', 2, 0),
    (1223, 'int myList [] [] = {4,9,7,0};', 3, 0),
    (1224, 'int myList [] = {4, 3, 7};', 4, 1),
 
    (1231, 'method  ', 1, 0),
    (1232, 'native', 2, 1),
    (1233, 'subclasses', 3, 0),
    (1234, 'reference', 4, 0),
 
    (1241, 'interface', 1, 1),
    (1242, 'string', 2, 0),
    (1243, 'Float', 3, 0),
    (1244, 'unsigned', 4, 0),
 
    (1251, 'Array a = new Array(5);', 1, 0),
    (1252, 'int [] a = {23,22,21,20,19};', 2, 1),
    (1253, 'int a [] = new int[5];', 3, 0),
    (1254, 'int [5] array;', 4, 0),
 
    (1261, 'public double methoda();', 1, 1),
    (1262, 'public final double methoda();', 2, 0),
    (1263, 'static void methoda(double d1);', 3, 0),
    (1264, 'protected void methoda(double d1);', 4, 0),
 
    (1271, 'boolean b1 = 0;', 1, 0),
    (1272, 'boolean b2 = false;', 2, 1),
    (1273, 'boolean b4 = Boolean.false();', 3, 0),
    (1274, 'boolean b5 = no;', 4, 0),
 
    (1281, 'String s1 = null;', 1, 1),
    (1282, 'String s2 = ''null'';', 2, 0),
    (1283, 'String s3 = (String) ''abc'';', 3, 0),
    (1284, 'String s4 = (String) ''\ufeed'';', 4, 0),
 
    (1291, '-128 to 127', 1, 0),
    (1292, '-(215) to (215) - 1', 2, 0),
    (1293, '0 to 32767', 3, 0),
    (1294, '0 to 65535', 4, 1),
 
    (1301, 'else statement', 1, 0),
    (1302, 'switch statement', 2, 1),
    (1303, 'else-if statement', 3, 0),
    (1304, 'if statement', 4, 0),
 
    (1311, 'AClass.instantiate();', 1, 0),
    (1312, 'AClass.newClass()', 2, 0),
    (1313, 'AClass.create();', 3, 0),
    (1314, 'Class A = new AClass();', 4, 1),
         
    (1321, 'for', 1, 0),
    (1322, 'continue', 2, 0),
    (1323, 'while', 3, 0),
    (1324, 'break', 4, 1),
 
    (1331, 'main()', 1, 1),
    (1332, 'System.out.println()', 2, 0),
    (1333, 'System.out.print()', 3, 0),
    (1334, 'type()', 4, 0),
 
    (1341, 'To make objects initially have certain values when they are instantiated', 1, 1),
    (1342, 'To instantiate an object', 2, 0),
    (1343, 'To pass values to methods for a class', 3, 0),
    (1344, 'To extend a class', 4, 0),
 
    (1351, 'charAt', 1, 0),
    (1352, 'Concatenation', 2, 1),
    (1353, 'Association', 3, 0),
    (1354, 'Method', 4, 0),
 
    (1361, 'Inheritance', 1, 0),
    (1362, 'Instantiation', 2, 0),
    (1363, 'Polymorphism', 3, 1),
    (1364, 'Encapsulation', 4, 0),
 
    (1371, 'arrOne[0]', 1, 1),
    (1372, 'arrOne[2]', 2, 0),
    (1373, 'arrOne[3]', 3, 0),
    (1374, 'arrOne[1]', 4, 0),
 
    (1381, 'java.awt.event', 1, 0),
    (1382, 'java.util', 2, 0),
    (1383, 'java.awt', 3, 0),
    (1384, 'java.io', 4, 1),
 
    (1391, 'ArithmeticException', 1, 0),
    (1392, 'InputException', 2, 0),
    (1393, 'NoSuchMethodException', 3, 0),
    (1394, 'IOException', 4, 1),
 
    (1401, 'true/false value', 1, 0),
    (1402, 'Numeric', 2, 0),
    (1403, 'A single character', 3, 0),
    (1404, 'Text string', 4, 0),
     
    (1411, 'JavaScript is is complementary to and integrated with HTML.', 1, 0),
    (1412, 'JavaScript is open and cross-platform.', 2, 0),
    (1413, 'Both of the above.', 3, 1),
    (1414, 'All of the above.', 4, 0),
     
    (1421, 'last()', 1, 0),
    (1422, 'get()', 2, 0),
    (1423, 'pop()', 3, 1),
    (1424, 'None of the above.', 4, 0),
     
    (1431, 'var book = Object();', 1, 0),
    (1432, 'var book = new Object();', 2, 1),
    (1433, 'var book = new OBJECT();', 3, 0),
    (1434, 'var book = new Book();', 4, 0),
     
    (1441, 'charAt()', 1, 1),
    (1442, 'charCodeAt()', 2, 0),
    (1443, 'concat()', 3, 0),
    (1444, 'indexOf()', 4, 0),
     
    (1451, 'concat()', 1, 0),
    (1452, 'match()', 2, 1),
    (1453, 'search()', 3, 0),
    (1454, 'replace()', 4, 0),
     
    (1461, 'toLocaleUpperCase()', 1, 0),
    (1462, 'toUpperCase()', 2, 1),
    (1463, 'toString()', 3, 0),
    (1464, 'substring()', 4, 0),
     
    (1471, 'fixed()', 1, 0),
    (1472, 'fontcolor()', 2, 1),
    (1473, 'blink()', 3, 0),
    (1474, 'bold()', 4, 0),
     
    (1481, 'indexOf()', 1, 1),
    (1482, 'join()', 2, 0),
    (1483, 'lastIndexOf()', 3, 0),
    (1484, 'map()', 4, 0),
     
    (1491, 'toSource()', 1, 1),
    (1492, 'splice()', 2, 0),
    (1493, 'toString()', 3, 0),
    (1494, 'unshift()', 4, 0),
     
    (1501, 'JavaScript variable names must begin with a letter or the underscore character.', 1, 0),
    (1502, 'JavaScript variable names are case sensitive.', 2, 0),
    (1503, 'Both of the above.', 3, 1),
    (1504, 'None of the above.', 4, 0),
 
    (1511, 'document.cookie = ''key1 = value1; key2 = value2; expires = date'';', 1, 1),
    (1512, 'browser.cookie = ''key1 = value1; key2 = value2; expires = date'';', 2, 0),
    (1513, 'window.cookie = ''key1 = value1; key2 = value2; expires = date'';', 3, 0),
    (1514, 'navigator.cookie = ''key1 = value1; key2 = value2; expires = date'';', 4, 0),
     
    (1521, 'append()', 1, 0),
    (1522, 'concat()', 2, 1),
    (1523, 'attach()', 3, 0),
    (1524, 'None of the above.', 4, 0),
     
    (1531, 'var book = Object();', 1, 0),
    (1532, 'var book = new Object();', 2, 1),
    (1533, 'var book = new OBJECT();', 3, 0),
    (1534, 'var book = new Book();', 4, 0),
     
    (1541, 'add()', 1, 0),
    (1542, 'merge()', 2, 0),
    (1543, 'concat()', 3, 1),
    (1544, 'append()', 4, 0),
     
    (1551, 'slice()', 1, 0),
    (1552, 'split()', 2, 1),
    (1553, 'replace()', 3, 0),
    (1554, 'search()', 4, 0),
     
    (1561, 'toLocaleUpperCase()', 1, 0),
    (1562, 'toUpperCase()', 2, 0),
    (1563, 'toString()', 3, 0),
    (1564, 'valueOf()', 4, 1),
     
    (1571, 'Client-side JavaScript does not allow the reading or writing of files.', 1, 0),
    (1572, 'JavaScript can not be used for Networking applications because there is no such support available.', 2, 0),
    (1573, 'JavaScript doesn''t have any multithreading or multiprocess capabilities.', 3, 0),
    (1574, 'All of the above.', 4, 1),
     
    (1581, 'window.print();', 1, 1),
    (1582, 'browser.print();', 2, 0),
    (1583, 'navigator.print();', 3, 0),
    (1584, 'document.print();', 4, 0),
     
    (1591, 'global variable', 1, 0),
    (1592, 'local variable', 2, 1),
    (1593, 'Both of the above.', 3, 0),
    (1594, 'None of the above.', 4, 0),
     
    (1601, 'concat()', 1, 0),
    (1602, 'every()', 2, 1),
    (1603, 'push()', 3, 0),
    (1604, 'some()', 4, 0), 
 
    (1611, 'Compiler', 1, 1),
    (1612, 'Interpreter', 2, 0),
    (1613, 'Language', 3, 0),
    (1614, 'Translator', 4, 0),
 
    (1621, 'Class Library', 1, 0),
    (1622, 'Properties Window', 2, 0),
    (1623, 'ToolBox', 3, 1),
    (1624, 'Windows Form Designer', 4, 0),
 
    (1631, 'Button', 1, 0),
    (1632, 'CheckBox', 2, 0),
    (1633, 'Label', 3, 1),
    (1634, 'TextBox', 4, 0),
 
    (1641, 'Class Library', 1, 0),
    (1642, 'Solution Explorer', 2, 0),
    (1643, 'ToolBox', 3, 0),
    (1644, 'Windows Form Designer', 4, 1),
 
    (1651, 'Button', 1, 0),
    (1652, 'Form', 2, 1),
    (1653, 'Label', 3, 0),
    (1654, 'Toolbox', 4, 0),
 
    (1661, 'Assembly language', 1, 0),
    (1662, 'Machine language', 2, 1),
    (1663, 'High level programming language', 3, 0),
    (1664, 'Object oriented programming language', 4, 0),
 
    (1671, 'Project Window', 1, 0),
    (1672, 'Properties Window', 2, 1),
    (1673, 'Solution Explorer', 3, 0),
    (1674, 'Windows Form Designer', 4, 0),
 
    (1681, 'Assembly language', 1, 0),
    (1682, 'Machine language', 2, 0),
    (1683, 'High level programming language', 3, 0),
    (1684, 'Object oriented programming language', 4, 1),
 
    (1691, 'Properties Window', 1, 0),
    (1692, 'Solution Explorer', 2, 1),
    (1693, 'Toolbox', 3, 0),
    (1694, 'Windows Form Designer', 4, 0),
 
    (1701, 'Button', 1, 0),
    (1702, 'Label', 2, 0),
    (1703, 'TextBox', 3, 1),
    (1704, 'Toolbox', 4, 0),
 
    (1711, 'High Level Language', 1, 0),
    (1712, 'Low Level Language', 2, 0),
    (1713, 'Machine Language', 3, 0),
    (1714, 'C# .NET', 4, 1),
 
    (1721, 'Compiling', 1, 0),
    (1722, 'Computer programming', 2, 1),
    (1723, 'Interpreting', 3, 0),
    (1724, 'Object oriented programming', 4, 0),
 
    (1731, 'Array elements can be of integer type only.', 1, 0),
    (1732, 'The rank of an Array is the total number of elements it can contain.', 2, 0),
    (1733, 'The length of an Array is the number of dimensions in the Array.', 3, 0),
    (1734, 'The default value of numeric array elements is zero.', 4, 1),
 
    (1741, 'A name must begin with a letter that could be followed by a sequence of letters, digits (0 - 9) or underscore.', 1, 0),
    (1742, 'The first character in an identifier cannot be a digit.', 2, 0),
    (1743, 'Both of the above.', 3, 1),
    (1744, 'None of the above.', 4, 0),
 
    (1751, 'The reference types do not contain the actual data stored in a variable.', 1, 0),
    (1752, 'They contain a reference to the variables.', 2, 0),
    (1753, 'Example of built-in reference types are: object, dynamic, and string.', 3, 0),
    (1754, 'All of the above.', 4, 1),
 
    (1761, 'ToString', 1, 0),
    (1762, 'ToSingle', 2, 0),
    (1763, 'ToChar', 3, 0),
    (1764, 'ToDateTime', 4, 1),
 
    (1771, 'ToType', 1, 0),
    (1772, 'ToUInt16', 2, 0),
    (1773, 'ToUInt32', 3, 0),
    (1774, 'ToUInt64', 4, 1),
 
    (1781, 'Public', 1, 0),
    (1782, 'Private', 2, 0),
    (1783, 'Protected', 3, 0),
    (1784, 'Internal', 4, 1),
 
    (1791, 'Rank', 1, 1),
    (1792, 'LongLength', 2, 0),
    (1793, 'Length', 3, 0),
    (1794, 'None of the above.', 4, 0),
 
    (1801, 'Public', 1, 0),
    (1802, 'Private', 2, 1),
    (1803, 'Protected', 3, 0),
    (1804, 'Internal', 4, 0),
 
    (1811, 'Structured Question Language', 1, 0),
    (1812, 'Strong Question Language', 2, 0),
    (1813, 'Structured Query Language', 3, 1),
 
    (1821, 'SELECT', 1, 1),
    (1822, 'OPEN', 2, 0),
    (1823, 'EXTRACT', 3, 0),
    (1824, 'GET', 4, 0),
 
    (1831, 'UPDATE', 1, 1),
    (1832, 'MODIFY', 2, 0),
    (1833, 'SAVE', 3, 0),
    (1834, 'SAVE AS', 4, 0),
 
    (1841, 'REMOVE', 1, 0),
    (1842, 'DELETE', 2, 1),
    (1843, 'COLLAPSE', 3, 0),
 
    (1851, 'INSERT NEW', 1, 0),
    (1852, 'ADD RECORD', 2, 0),
    (1853, 'INSERT INTO', 3, 1),
    (1854, 'ADD NEW', 4, 0),
 
    (1861, 'SELECT FirstName FROM Persons', 1, 1),
    (1862, 'SELECT Persons.FirstName', 2, 0),
    (1863, 'EXTRACT FirstName FROM Persons', 3, 0),
 
    (1871, 'SELECT [all] FROM Persons', 1, 0),
    (1872, 'SELECT *.Persons', 2, 0),
    (1873, 'SELECT * FROM Persons', 3, 1),
    (1874, 'SELECT Persons', 4, 0),
 
    (1881, 'SELECT * FROM Persons WHERE FirstName<>"Peter"', 1, 0),
    (1882, 'SELECT [all] FROM Persons WHERE FirstName="Peter"', 2, 0),
    (1883, 'SELECT * FROM Persons WHERE FirstName="Peter"', 3, 1),
    (1884, 'SELECT [all] FROM Persons WHERE FirstName LIKE "Peter"', 4, 0),
 
    (1891, 'SELECT * FROM Persons WHERE FirstName LIKE "%a"', 1, 0),
    (1892, 'SELECT * FROM Persons WHERE FirstName="%a%"', 2, 0),
    (1893, 'SELECT * FROM Persons WHERE FirstName="a"', 3, 0),
    (1894, 'SELECT * FROM Persons WHERE FirstName LIKE "a%"', 4, 1),
 
    (1901, 'True', 1, 1),
    (1902, 'False', 2, 0),
 
    (1911, 'SELECT FirstName="Peter", LastName="Jackson" FROM Persons', 1, 0),
    (1912, 'SELECT * FROM Persons WHERE FirstName<>"Peter" AND LastName<>"Jackson"', 2, 0),
    (1913, 'SELECT * FROM Persons WHERE FirstName="Peter" AND LastName="Jackson"', 3, 1),
       
    (1921, 'SELECT * FROM Persons WHERE LastName BETWEEN "Hansen" AND "Pettersen"', 1, 1),
    (1922, 'SELECT LastName>"Hansen" AND LastName<"Pettersen" FROM Persons', 2, 0),
    (1923, 'SELECT * FROM Persons WHERE LastName>"Hansen" AND LastName<"Pettersen"', 3, 0),
       
    (1931, 'SELECT DIFFERENT', 1, 0),
    (1932, 'SELECT DISTINCT', 2, 1),
    (1933, 'SELECT UNIQUE', 3, 0),
       
    (1941, 'ORDER BY', 1, 1),
    (1942, 'SORT', 2, 0),
    (1943, 'ORDER', 3, 0),
    (1944, 'SORT BY', 4, 0),
       
    (1951, 'SELECT * FROM Persons SORT BY "FirstName" DESC', 1, 0),
    (1952, 'SELECT * FROM Persons ORDER BY FirstName DESC', 2, 1),
    (1953, 'SELECT * FROM Persons SORT "FirstName" DESC', 3, 0),
    (1954, 'SELECT * FROM Persons ORDER FirstName DESC', 4, 0),
       
    (1961, 'INSERT ("Jimmy", "Jackson") INTO Persons', 1, 0),
    (1962, 'INSERT VALUES ("Jimmy", "Jackson") INTO Persons', 2, 0),
    (1963, 'INSERT INTO Persons VALUES ("Jimmy", "Jackson")', 3, 1),
       
    (1971, 'INSERT INTO Persons (LastName) VALUES ("Olsen")', 1, 1),
    (1972, 'INSERT INTO Persons ("Olsen") INTO LastName', 2, 0),
    (1973, 'INSERT ("Olsen") INTO Persons (LastName)', 3, 0),
       
    (1981, 'UPDATE Persons SET LastName="Nilsen" WHERE LastName="Hansen"', 1, 1),
    (1982, 'MODIFY Persons SET LastName="Nilsen" WHERE LastName="Hansen"', 2, 0),
    (1983, 'MODIFY Persons SET LastName="Hansen" INTO LastName="Nilsen"', 3, 0),
    (1984, 'UPDATE Persons SET LastName="Hansen" INTO LastName="Nilsen"', 4, 0),
       
    (1991, 'DELETE ROW FirstName="Peter" FROM Persons', 1, 0),
    (1992, 'DELETE FROM Persons WHERE FirstName = "Peter"', 2, 1),
    (1993, 'DELETE FirstName="Peter" FROM Persons', 3, 0),
 
    (2001, 'SELECT COLUMNS(*) FROM Persons', 1, 0),
    (2002, 'SELECT COUNT(*) FROM Persons', 2, 1),
    (2003, 'SELECT COLUMNS() FROM Persons', 3, 0),
    (2004, 'SELECT COUNT() FROM Persons', 4, 0);
SET IDENTITY_INSERT tblAnswer OFF;
 
SET IDENTITY_INSERT tblQuestionAnswer ON;
INSERT INTO tblQuestionAnswer (Id, [QuestionId], [AnswerId])
VALUES
(1, 51, 1),
(2, 51, 2),
(3, 52, 3),
(4, 52, 4),
(5, 53, 5),
(6, 53, 6), 
(7, 54, 7),
(8, 54, 8),
(9, 54, 9),
(10, 54, 10),
(11, 55, 11),
(12, 55, 12),
(13, 55, 13),
(14, 56, 14),
(15, 56, 15),
(16, 57, 16),
(17, 57, 17),
(18, 57, 18),
(19, 57, 19),
(20, 58, 20),
(21, 58, 21),
(22, 58, 22),
(23, 58, 23),
(24, 59, 24),
(25, 59, 25),
(26, 59, 26),
(27, 59, 27),
(28, 60, 28),
(29, 60, 29),
(30, 60, 30),
(31, 60, 31),
(32, 61, 32),
(33, 61, 33),
(34, 61, 34),
(35, 61, 35),
(36, 62, 36), 
(37, 62, 37),
(38, 62, 38),
(39, 62, 39),
(40, 63, 40),
(41, 63, 41),
(42, 63, 42),
(43, 63, 43),
(44, 66, 44),
(45, 66, 45),
(46, 66, 46),
(47, 66, 47),
(48, 67, 48),
(49, 67, 49),
(50, 67, 50),
(51, 67, 51),
(52, 68, 52),
(53, 68, 53),
(54, 68, 54),
(55, 68, 55),
(56, 69, 56),
(57, 69, 57),
(58, 69, 58),
(59, 70, 59),
(60, 70, 60),
(61, 70, 61), 
(62, 71, 62),
(63, 71, 63),
(64, 71, 64),
(65, 72, 65),
(66, 72, 66),
(67, 72, 67),
(68, 73, 68),
(69, 73, 69),
(70, 73, 70),
(71, 74, 71),
(72, 74, 72),
(73, 74, 73),
(74, 75, 74),
(75, 75, 75),
(76, 75, 76),
(77, 76, 77),
(78, 76, 78),
(79, 76, 79),
(80, 77, 80),
(81, 77, 81),
(82, 77, 82),
(83, 78, 83),
(84, 78, 84),
(85, 78, 85),
(86, 79, 86),
(87, 79, 87),
(88, 79, 88),
(89, 80, 89),
(90, 80, 90),
(91, 80, 91),
(92, 22, 92),
(93, 22, 93),
(94, 22, 94),
(95, 22, 95),
(96, 1, 96),
(97, 1, 97),
(98, 1, 98), 
(99, 1, 99),
(100, 4, 100), 
(101, 4, 101),
(102, 4, 102),
(103, 4, 103),
(104, 5, 104),
(105, 5, 105),
(106, 5, 106),
(107, 5, 107),
(108, 7, 108),
(109, 7, 109),
(110, 7, 110),
(111, 8, 111),
(112, 8, 112),
(113, 8, 113),
(114, 8, 114),
(115, 9, 115),
(116, 9, 116),
(117, 9, 117),
(118, 10, 118),
(119, 10, 119),
(120, 10, 120),
(121, 10, 121),
(122, 11, 122),
(123, 11, 123),
(124, 11, 124),
(125, 11, 125),
(126, 12, 126),
(127, 12, 127),
(128, 12, 128),
(129, 12, 129),
(130, 13, 130),
(131, 13, 131),
(132, 13, 132),
(133, 14, 133),
(134, 14, 134),
(135, 14, 135),
(136, 14, 136),
(137, 16, 137),
(138, 16, 138),
(139, 16, 139),
(140, 16, 140),
(141, 16, 141),
(142, 17, 142),
(143, 17, 143),
(144, 17, 144),
(145, 17, 145),
(146, 18, 146),
(147, 18, 147),
(148, 18, 148),
(149, 18, 149),
(150, 19, 150),
(151, 19, 151),
(160, 19, 160),
(161, 19, 161),
(162, 23, 162),
(163, 23, 163),
(164, 23, 164),
(165, 24, 165),
(166, 24, 166),
(167, 24, 167),
(168, 24, 168),
(169, 25, 169),
(170, 25, 170),
(171, 25, 171),
(172, 26, 172),
(173, 26, 173),
(174, 26, 174),
(175, 26, 175),
(176, 27, 176),
(177, 27, 177),
(178, 27, 178),
(179, 28, 179),
(180, 28, 180),
(181, 28, 181),
(182, 28, 182),
(183, 29, 183),
(184, 29, 184),
(185, 29, 185),
(186, 31, 186),
(187, 31, 187),
(188, 31, 188),
(189, 32, 189),
(190, 32, 190),
(191, 32, 191),
(192, 32, 192),
(193, 33, 193),
(194, 33, 194),
(195, 33, 195),
(196, 34, 196),
(197, 34, 197),
(198, 34, 198),
(199, 34, 199),
(200, 34, 200),
(201, 37, 201),
(202, 37, 202),
(203, 37, 203),
(204, 37, 204),
(205, 38, 205),
(206, 38, 206),
(207, 38, 207),
(208, 38, 208),
(209, 39, 209),
(210, 39, 210),
(211, 39, 211),
(212, 39, 212),
(213, 40, 213),
(214, 40, 214),
(215, 40, 215),
(216, 40, 216),
(301, 81, 301),
(302, 81, 302),
(303, 81, 303),
(304, 82, 304),
(305, 82, 305),
(306, 82, 306),
(307, 83, 307),
(308, 83, 308),
(309, 83, 309),
(310, 84, 310),
(311, 84, 311),
(312, 84, 312),
(313, 85, 313),
(314, 85, 314),
(315, 85, 315),
(316, 86, 316),
(317, 86, 317),
(318, 86, 318),
(319, 87, 319),
(320, 87, 320),
(321, 87, 321),
(322, 88, 322),
(323, 88, 323),
(324, 88, 324),
(325, 89, 325),
(326, 89, 326),
(327, 89, 327),
(328, 90, 328),
(329, 90, 329),
(330, 90, 330),
(331, 91, 331),
(332, 91, 332),
(333, 91, 333),
(334, 92, 334),
(335, 92, 335),
(336, 92, 336),
(337, 93, 337),
(338, 93, 338),
(339, 93, 339),
(340, 94, 340),
(341, 94, 341),
(342, 94, 342),
(343, 94, 343),
(344, 95, 344),
(345, 95, 345),
(346, 95, 346),
(347, 96, 347),
(348, 96, 348),
(349, 96, 349),
(350, 97, 350),
(351, 97, 351),
(352, 97, 352),
(353, 98, 353),
(354, 98, 354),
(355, 98, 355),
(356, 99, 356),
(357, 99, 357),
(358, 99, 358),
(359, 101, 359),
(360, 101, 360),
(361, 101, 361),
(362, 102, 362),
(363, 102, 363),
(364, 102, 364),
(365, 103, 365),
(366, 103, 366),
(367, 103, 367),
(368, 104, 368),
(369, 104, 369),
(370, 104, 370),
(371, 105, 371),
(372, 105, 372),
(373, 105, 373),
(374, 105, 374),
(375, 106, 375),
(376, 106, 376),
(377, 106, 377),
(378, 107, 378),
(379, 107, 379),
(380, 107, 380),
(381, 108, 381),
(382, 108, 382),
(383, 108, 383),
(384, 109, 384),
(385, 109, 385),
(386, 109, 386),
(387, 110, 387),
(388, 110, 388),
(389, 110, 389),
(390, 111, 390),
(391, 111, 391),
(392, 111, 392),
(393, 112, 393),
(394, 112, 394),
(395, 112, 395),
(396, 112, 396),
(397, 113, 397),
(398, 113, 398),
(399, 113, 399),
(400, 114, 400),
(401, 114, 401),
(402, 114, 402),
(403, 114, 403),
(404, 115, 404),
(405, 115, 405),
(406, 115, 406),
(407, 116, 407),
(408, 116, 408),
(409, 116, 409),
(410, 117, 410),
(411, 117, 411),
(412, 117, 412),
(413, 118, 413),
(414, 118, 414),
(415, 118, 415),
(416, 118, 416),
(417, 119, 417),
(418, 119, 418),
(419, 119, 419),
(420, 119, 420),

(421, 2, 421),
(422, 3, 422),
(423, 6, 423),
(424, 15, 424),
(425, 20, 425),
(426, 21, 426),
(427, 30, 427),
(428, 35, 428),
(429, 36, 429),
(430, 41, 430),
(431, 42, 431),
(432, 43, 432),
(433, 44, 433),
(434, 45, 434),
(435, 46, 435),
(436, 47, 436),
(437, 48, 437),
(438, 49, 438),
(439, 50, 439),
(440, 64, 440),
(441, 65, 441),
(442, 100, 442),
(443, 120, 443),

(1211, 121, 1211),
(1212, 121, 1212),
(1213, 121, 1213),
(1214, 121, 1214),
(1221, 122, 1221),
(1222, 122, 1222),
(1223, 122, 1223),
(1224, 122, 1224),
(1231, 123, 1231),
(1232, 123, 1232),
(1233, 123, 1233),
(1234, 123, 1234),
(1241, 124, 1241),
(1242, 124, 1242),
(1243, 124, 1243),
(1244, 124, 1244),
(1251, 125, 1251),
(1252, 125, 1252),
(1253, 125, 1253),
(1254, 125, 1254),
(1261, 126, 1261),
(1262, 126, 1262),
(1263, 126, 1263),
(1264, 126, 1264),
(1271, 127, 1271),
(1272, 127, 1272),
(1273, 127, 1273),
(1274, 127, 1274),
(1281, 128, 1281),
(1282, 128, 1282),
(1283, 128, 1283),
(1284, 128, 1284),
(1291, 129, 1291),
(1292, 129, 1292),
(1293, 129, 1293),
(1294, 129, 1294),
(1301, 130, 1301),
(1302, 130, 1302),
(1303, 130, 1303),
(1304, 130, 1304),
(1311, 131, 1311),
(1312, 131, 1312),
(1313, 131, 1313),
(1314, 131, 1314),
(1321, 132, 1321),
(1322, 132, 1322),
(1323, 132, 1323),
(1324, 132, 1324),
(1331, 133, 1331),
(1332, 133, 1332),
(1333, 133, 1333),
(1334, 133, 1334),
(1341, 134, 1341),
(1342, 134, 1342),
(1343, 134, 1343),
(1344, 134, 1344),
(1351, 135, 1351),
(1352, 135, 1352),
(1353, 135, 1353),
(1354, 135, 1354),
(1361, 136, 1361),
(1362, 136, 1362),
(1363, 136, 1363),
(1364, 136, 1364),
(1371, 137, 1371),
(1372, 137, 1372),
(1373, 137, 1373),
(1374, 137, 1374),
(1381, 138, 1381),
(1382, 138, 1382),
(1383, 138, 1383),
(1384, 138, 1384),
(1391, 139, 1391),
(1392, 139, 1392),
(1393, 139, 1393),
(1394, 139, 1394),
(1401, 140, 1401),
(1402, 140, 1402),
(1403, 140, 1403),
(1404, 140, 1404),
(1411, 141, 1411),
(1412, 141, 1412),
(1413, 141, 1413),
(1414, 141, 1414),
(1421, 142, 1421),
(1422, 142, 1422),
(1423, 142, 1423),
(1424, 142, 1424),
(1431, 143, 1431),
(1432, 143, 1432),
(1433, 143, 1433),
(1434, 143, 1434),
(1441, 144, 1441),
(1442, 144, 1442),
(1443, 144, 1443),
(1444, 144, 1444),
(1451, 145, 1451),
(1452, 145, 1452),
(1453, 145, 1453),
(1454, 145, 1454),
(1461, 146, 1461),
(1462, 146, 1462),
(1463, 146, 1463),
(1464, 146, 1464),
(1471, 147, 1471),
(1472, 147, 1472),
(1473, 147, 1473),
(1474, 147, 1474),
(1481, 148, 1481),
(1482, 148, 1482),
(1483, 148, 1483),
(1484, 148, 1484),
(1491, 149, 1491),
(1492, 149, 1492),
(1493, 149, 1493),
(1494, 149, 1494),
(1501, 150, 1501),
(1502, 150, 1502),
(1503, 150, 1503),
(1504, 150, 1504),
(1511, 151, 1511),
(1512, 151, 1512),
(1513, 151, 1513),
(1514, 151, 1514),
(1521, 152, 1521),
(1522, 152, 1522),
(1523, 152, 1523),
(1524, 152, 1524),
(1531, 153, 1531),
(1532, 153, 1532),
(1533, 153, 1533),
(1534, 153, 1534),
(1541, 154, 1541),
(1542, 154, 1542),
(1543, 154, 1543),
(1544, 154, 1544),
(1551, 155, 1551),
(1552, 155, 1552),
(1553, 155, 1553),
(1554, 155, 1554),
(1561, 156, 1561),
(1562, 156, 1562),
(1563, 156, 1563),
(1564, 156, 1564),
(1571, 157, 1571),
(1572, 157, 1572),
(1573, 157, 1573),
(1574, 157, 1574),
(1581, 158, 1581),
(1582, 158, 1582),
(1583, 158, 1583),
(1584, 158, 1584),
(1591, 159, 1591),
(1592, 159, 1592),
(1593, 159, 1593),
(1594, 159, 1594),
(1601, 160, 1601),
(1602, 160, 1602),
(1603, 160, 1603),
(1604, 160, 1604),
(1611, 161, 1611),
(1612, 161, 1612),
(1613, 161, 1613),
(1614, 161, 1614),
(1621, 162, 1621),
(1622, 162, 1622),
(1623, 162, 1623),
(1624, 162, 1624),
(1631, 163, 1631),
(1632, 163, 1632),
(1633, 163, 1633),
(1634, 163, 1634),
(1641, 164, 1641),
(1642, 164, 1642),
(1643, 164, 1643),
(1644, 164, 1644),
(1651, 165, 1651),
(1652, 165, 1652),
(1653, 165, 1653),
(1654, 165, 1654),
(1661, 166, 1661),
(1662, 166, 1662),
(1663, 166, 1663),
(1664, 166, 1664),
(1671, 167, 1671),
(1672, 167, 1672),
(1673, 167, 1673),
(1674, 167, 1674),
(1681, 168, 1681),
(1682, 168, 1682),
(1683, 168, 1683),
(1684, 168, 1684),
(1691, 169, 1691),
(1692, 169, 1692),
(1693, 169, 1693),
(1694, 169, 1694),
(1701, 170, 1701),
(1702, 170, 1702),
(1703, 170, 1703),
(1704, 170, 1704),
(1711, 171, 1711),
(1712, 171, 1712),
(1713, 171, 1713),
(1714, 171, 1714),
(1721, 172, 1721),
(1722, 172, 1722),
(1723, 172, 1723),
(1724, 172, 1724),
(1731, 173, 1731),
(1732, 173, 1732),
(1733, 173, 1733),
(1734, 173, 1734),
(1741, 174, 1741),
(1742, 174, 1742),
(1743, 174, 1743),
(1744, 174, 1744),
(1751, 175, 1751),
(1752, 175, 1752),
(1753, 175, 1753),
(1754, 175, 1754),
(1761, 176, 1761),
(1762, 176, 1762),
(1763, 176, 1763),
(1764, 176, 1764),
(1771, 177, 1771),
(1772, 177, 1772),
(1773, 177, 1773),
(1774, 177, 1774),
(1781, 178, 1781),
(1782, 178, 1782),
(1783, 178, 1783),
(1784, 178, 1784),
(1791, 179, 1791),
(1792, 179, 1792),
(1793, 179, 1793),
(1794, 179, 1794),
(1801, 180, 1801),
(1802, 180, 1802),
(1803, 180, 1803),
(1804, 180, 1804),
(1811, 181, 1811),
(1812, 181, 1812),
(1813, 181, 1813),
(1821, 182, 1821),
(1822, 182, 1822),
(1823, 182, 1823),
(1824, 182, 1824),
 
(1831, 183, 1831),
(1832, 183, 1832),
(1833, 183, 1833),
(1834, 183, 1834),
 
(1841, 184, 1841),
(1842, 184, 1842),
(1843, 184, 1843),
 
(1851, 185, 1851),
(1852, 185, 1852),
(1853, 185, 1853),
(1854, 185, 1854),
 
(1861, 186, 1861),
(1862, 186, 1862),
(1863, 186, 1863),
 
(1871, 187, 1871),
(1872, 187, 1872),
(1873, 187, 1873),
(1874, 187, 1874),
 
(1881, 188, 1881),
(1882, 188, 1882),
(1883, 188, 1883),
(1884, 188, 1884),
 
(1891, 189, 1891),
(1892, 189, 1892),
(1893, 189, 1893),
(1894, 189, 1894),
 
(1901, 190, 1901),
(1902, 190, 1902),
 
(1911, 191, 1911),
(1912, 191, 1912),
(1913, 191, 1913),
              
(1921, 192, 1921),
(1922, 192, 1922),
(1923, 192, 1923),
              
(1931, 193, 1931),
(1932, 193, 1932),
(1933, 193, 1933),
              
(1941, 194, 1941),
(1942, 194, 1942),
(1943, 194, 1943),
(1944, 194, 1944),
              
(1951, 195, 1951),
(1952, 195, 1952),
(1953, 195, 1953),
(1954, 195, 1954),
              
(1961, 196, 1961),
(1962, 196, 1962),
(1963, 196, 1963),
              
(1971, 197, 1971),
(1972, 197, 1972),
(1973, 197, 1973),
              
(1981, 198, 1981),
(1982, 198, 1982),
(1983, 198, 1983),
(1984, 198, 1984),
              
(1991, 199, 1991),
(1992, 199, 1992),
(1993, 199, 1993),
 
(2001, 200, 2001),
(2002, 200, 2002),
(2003, 200, 2003),
(2004, 200, 2004);
SET IDENTITY_INSERT tblQuestionAnswer OFF;


SET IDENTITY_INSERT tblQuizType ON;
INSERT INTO tblQuizType (Id, TypeName)
VALUES
	(1, 'Regular'),
	(2, 'Random');
SET IDENTITY_INSERT tblQuizType OFF;

SET IDENTITY_INSERT tblQuizState ON;
INSERT INTO tblQuizState(Id, Name)
VALUES
	(1, 'Opened'),
	(2, 'Scheduled'),
	(3, 'Draft'),
	(4, 'Active'),
	(5, 'Archived'),
	(6, 'In verification'),
	(7, 'Finished')
SET IDENTITY_INSERT tblQuizState OFF;


SET IDENTITY_INSERT tblQuiz ON;
INSERT INTO tblQuiz (Id, QuizTypeId, QuizStateId, Name, Description, StartDate, EndDate, TimeLimitMinutes, InternetAccess, GroupId)
VALUES
	(1, 2, 2, 'Quiz1: C# basics', 'Quiz for EPAM It Lab .Net students', CONVERT(DATETIME, '2016-5-11', 102), CONVERT(DATETIME, '2016-9-30', 102), 120, 1, 1),
	(2, 1, 2, 'Quiz2: Java Core', 'Quiz for EPAM It Lab Java students', CONVERT(DATETIME, '2016-3-01', 102), CONVERT(DATETIME, '2016-7-01', 102), 120, 1, 2),

	(3, 1, 2, '.NET basics quiz', 'Quiz to test basic knowledge of .NET', CONVERT(DATETIME, '2016-06-14 16:00:00', 120), CONVERT(DATETIME, '2016-06-14 17:00:00', 120), 60, 1, 3),
	(4, 2, 2, '.NET quiz', 'Quiz to test knowledge of .NET', CONVERT(DATETIME, '2016-06-16 10:00:00', 120), CONVERT(DATETIME, '2016-06-16 10:45:00', 120), 45, 0, 4),

	(5, 1, 2, 'SQL', 'This quiz is about SQL', CONVERT(DATETIME, '2016.04.20', 102), CONVERT(DATETIME, '2016.05.20', 102), 30, 1, 1),
	(6, 2, 2, 'CSS', 'This quiz is about CSS', CONVERT(DATETIME, '2016.05.04', 102), CONVERT(DATETIME, '2016.06.04', 102), 25, 1, 2),

	(7, 1, 1, 'Java Quiz', 'Java Fundamentals quiz', null, null, null, 0, 3),
	(8, 1, 1, 'JavaScript Quiz', 'JavaScript Fundamentals quiz', null, null, null, 0, 4),

	(9, 1, 1,  'C# Quiz', 'General questions about C#', null, null, 30, 1, 1),
	(10, 2, 1, 'SQL Quiz', 'General questions about SQL', null, null, 20, 1, 2);
SET IDENTITY_INSERT tblQuiz OFF;
-----------------------------------Oleksii start

SET IDENTITY_INSERT [dbo].[tblQuizPass] ON
INSERT INTO  [dbo].[tblQuizPass] ([Id], [QuizId], [UserId], [StartTime], [FinishTime])
VALUES
	(1, 1, 1, CONVERT(DATETIME, '2016-09-20 12:43:10', 120), CONVERT(DATETIME, '2016-09-20 12:55:15', 120)),
	(2, 2, 1, CONVERT(DATETIME, '2016-10-21 16:44:10', 120), CONVERT(DATETIME, '2016-10-21 17:04:40', 120)),
	(3, 3, 1, CONVERT(DATETIME, '2016-11-24 15:22:09', 120), CONVERT(DATETIME, '2016-11-24 15:49:39', 120)),
	(4, 4, 1, CONVERT(DATETIME, '2016-10-17 17:08:00', 120), CONVERT(DATETIME, '2016-10-17 17:18:00', 120)),
	(5, 5, 1, CONVERT(DATETIME, '2017-02-19 12:00:03', 120), CONVERT(DATETIME, '2017-02-19 12:34:03', 120)),
	(6, 6, 1, CONVERT(DATETIME, '2017-02-28 00:19:02', 120), CONVERT(DATETIME, '2017-02-28 00:48:29', 120)),
	(7, 7, 1, CONVERT(DATETIME, '2017-05-20 22:16:04', 120), CONVERT(DATETIME, '2017-05-20 23:11:04', 120)),

	(8, 8, 2, CONVERT(DATETIME, '2016-09-23 12:43:10', 120), CONVERT(DATETIME, '2016-09-23 12:59:15', 120)),
	(9, 9, 2, CONVERT(DATETIME, '2016-10-15 19:14:10', 120), CONVERT(DATETIME, '2016-10-15 19:43:40', 120)),
	(10, 10, 2, CONVERT(DATETIME, '2016-11-29 11:22:09', 120), CONVERT(DATETIME, '2016-11-29 11:41:39', 120)),
	(11, 10, 16, CONVERT(DATETIME, '2016-10-15 13:08:00', 120), CONVERT(DATETIME, '2016-10-15 13:20:00', 120)),
	(12, 9, 15, CONVERT(DATETIME, '2017-02-20 12:00:03', 120), CONVERT(DATETIME, '2017-02-20 12:24:03', 120)),
	(13, 8, 1, CONVERT(DATETIME, '2017-03-18 00:19:02', 120), CONVERT(DATETIME, '2017-03-18 00:42:29', 120)),
	(14, 7, 2, CONVERT(DATETIME, '2017-05-20 12:16:04', 120), CONVERT(DATETIME, '2017-05-20 13:01:04', 120)),

	(15, 6, 3, CONVERT(DATETIME, '2016-09-13 12:40:10', 120), CONVERT(DATETIME, '2016-09-13 12:54:15', 120)),
	(16, 5, 3, CONVERT(DATETIME, '2016-10-25 20:14:10', 120), CONVERT(DATETIME, '2016-10-25 20:45:40', 120)),
	(17, 4, 4, CONVERT(DATETIME, '2016-11-29 12:19:09', 120), CONVERT(DATETIME, '2016-11-29 12:43:39', 120)),
	(18, 4, 13, CONVERT(DATETIME, '2016-10-19 17:08:00', 120), CONVERT(DATETIME, '2016-10-19 17:18:00', 120)),
	(19, 3, 5, CONVERT(DATETIME, '2017-02-23 12:03:03', 120), CONVERT(DATETIME, '2017-02-23 12:24:03', 120)),
	(20, 2, 5, CONVERT(DATETIME, '2017-02-23 08:19:02', 120), CONVERT(DATETIME, '2017-02-23 08:48:29', 120)),
	(21, 1, 6, CONVERT(DATETIME, '2017-05-23 11:16:04', 120), CONVERT(DATETIME, '2017-05-23 11:04:04', 120)),
	
	(22, 2, 6, CONVERT(DATETIME, '2016-09-23 12:23:10', 120), CONVERT(DATETIME, '2016-09-23 12:35:15', 120)),
	(23, 2, 7, CONVERT(DATETIME, '2016-10-15 23:14:10', 120), CONVERT(DATETIME, '2016-10-15 23:38:40', 120)),
	(24, 3, 7, CONVERT(DATETIME, '2016-11-24 16:22:09', 120), CONVERT(DATETIME, '2016-11-24 16:37:39', 120)),
	(25, 4, 7, CONVERT(DATETIME, '2016-11-15 18:08:00', 120), CONVERT(DATETIME, '2016-11-15 18:24:00', 120)),
	(26, 5, 8, CONVERT(DATETIME, '2017-02-17 13:00:03', 120), CONVERT(DATETIME, '2017-02-17 13:24:03', 120)),
	(27, 6, 9, CONVERT(DATETIME, '2017-03-19 09:19:02', 120), CONVERT(DATETIME, '2017-03-19 09:40:29', 120)),
	(28, 7, 10, CONVERT(DATETIME, '2017-05-28 22:10:04', 120), CONVERT(DATETIME, '2017-05-28 22:59:04', 120)),

	(29, 8, 11,  CONVERT(DATETIME, '2016-09-28 14:41:10', 120), CONVERT(DATETIME, '2016-09-28 14:59:15', 120)),
	(30, 9, 12,  CONVERT(DATETIME, '2016-11-13 14:19:10', 120), CONVERT(DATETIME, '2016-11-13 14:45:40', 120)),
	(31, 10, 13, CONVERT(DATETIME, '2016-11-25 20:16:10', 120), CONVERT(DATETIME, '2016-11-25 20:49:40', 120)),
	(32, 9, 13,  CONVERT(DATETIME, '2016-10-19 17:18:00', 120), CONVERT(DATETIME, '2016-10-19 17:30:00', 120)),
	(33, 8, 14,  CONVERT(DATETIME, '2017-02-23 12:01:03', 120), CONVERT(DATETIME, '2017-02-23 12:23:03', 120)),
	(34, 6, 15,  CONVERT(DATETIME, '2017-02-23 00:11:02', 120), CONVERT(DATETIME, '2017-02-23 00:28:29', 120)),
	(35, 7, 16,  CONVERT(DATETIME, '2017-05-26 12:10:04', 120), CONVERT(DATETIME, '2017-05-26 13:07:04', 120));
SET IDENTITY_INSERT [dbo].[tblQuizPass] OFF


-----------------------------------Oleksii end




SET IDENTITY_INSERT tblQuizVariant ON;
INSERT INTO tblQuizVariant (Id, QuizId, VariantNumber)
VALUES
	(1, 1, 1),
	(2, 2, 1),
	
	(3, 3, 1),
	(4, 4, 1),
	
	(5, 5, 1),
	(6, 6, 1),
	
	(7, 7, 121),
    (8, 8, 141),
	
	(9, 9, 9),
	(10, 10, 10);
SET IDENTITY_INSERT tblQuizVariant OFF;


SET IDENTITY_INSERT tblQuizBlock ON;
INSERT INTO tblQuizBlock (Id, QuizId, TopicId, BlockOrder, IsRandom, QuestionMinComplexity, QuestionMaxComplexity, QuestionCount)
VALUES
	(1, 1, 1, 1, 1, 1, 5, 20),
	(2, 2, 1, 2, 0, 2, 5, 20),
	
	(3, 3, 1, 1, 0, 5, 20, 20),
	(4, 4, 1, 1, 1, 5, 20, 20),
	
	(5, 5, 1, 1, 0, 1, 5, 20),
	(6, 6, 1, 1, 0, 1, 5, 20),

	(7, 7, 1, 1, 0, 10, 10, 20),
	(8, 8, 1, 1, 0, 10, 10, 20),
	
	(9, 9, 1, 1, 1, 1, 5, 20),
	(10, 10, 1, null, 0, 1, 5, 20);
SET IDENTITY_INSERT tblQuizBlock OFF;


SET IDENTITY_INSERT tblQuizQuestion ON;
INSERT INTO tblQuizQuestion (Id, QuestionId, QuizBlockId, QuizVariantId, QuestionScore, QuestionOrder)
VALUES	
	(1, 1, 1, 1, 10, 1),
	(2, 2, 1, 1, 10, 2),
	(3, 3, 1, 1, 10, 3),
	(4, 4, 1, 1, 10, 4),
	(5, 5, 1, 1, 10, 5),
	(6, 6, 1, 1, 10, 1),
	(7, 7, 1, 1, 10, 4),
	(8, 8, 1, 1, 10, 5),
	(9, 9, 1, 1, 10, 2),
	(10, 10, 1, 1, 10, 3),
	(11, 11, 1, 1, 11, 2),
	(12, 12, 1, 1, 10, 1),
	(13, 13, 1, 1, 10, 3),
	(14, 14, 1, 1, 10, 4),
	(15, 15, 1, 1, 10, 5),
	(16, 16, 1, 1, 10, 1),
	(17, 17, 1, 1, 10, 5),
	(18, 18, 1, 1, 10, 2),
	(19, 19, 1, 1, 10, 3),
	(20, 20, 1, 1, 11, 4),
     
	(21, 21, 2, 2, 10, 1),
	(22, 22, 2, 2, 10, 2),
	(23, 23, 2, 2, 10, 3),
	(24, 24, 2, 2, 10, 4),
	(25, 25, 2, 2, 10, 5),
	(26, 26, 2, 2, 10, 1),
	(27, 27, 2, 2, 10, 2),
	(28, 28, 2, 2, 10, 4),
	(29, 29, 2, 2, 10, 3),
	(30, 30, 2, 2, 10, 5),
	(31, 31, 2, 2, 10, 3),
	(32, 32, 2, 2, 10, 1),
	(33, 33, 2, 2, 11, 2),
	(34, 34, 2, 2, 11, 4),
	(35, 35, 2, 2, 9, 5),
	(36, 36, 2, 2, 10, 1),
	(37, 37, 2, 2, 10, 2),
	(38, 38, 2, 2, 10, 3),
	(39, 39, 2, 2, 10, 4),
	(40, 40, 2, 2, 10, 5),
	 
	(41, 41, 3, 3, 10, 1),
	(42, 42, 3, 3, 10, 4),
	(43, 43, 3, 3, 10, 7),
	(44, 44, 3, 3, 10, 10),
	(45, 45, 3, 3, 10, 13),
	(46, 46, 4, 4, 10, 1),
	(47, 47, 4, 4, 10, 4),
	(48, 48, 4, 4, 10, 7),
	(49, 49, 4, 4, 10, 10),
	(50, 50, 4, 4, 10, 13),
	(51, 51, 3, 3, 10, 2),
	(52, 52, 3, 3, 10, 3),
	(53, 53, 3, 3, 10, 6),
	(54, 54, 3, 3, 10, 8),
	(55, 55, 3, 3, 10, 9),
	(56, 56, 3, 3, 10, 12),
	(57, 57, 3, 3, 10, 14),
	(58, 58, 3, 3, 10, 15),
	(59, 59, 3, 3, 10, 17),
	(60, 60, 3, 3, 10, 18),
     
	(61, 61, 3, 3, 10, 19),
	(62, 62, 4, 4, 10, 2),
	(63, 63, 4, 4, 10, 3),
	(64, 64, 3, 3, 10, 16),
	(65, 65, 4, 4, 10, 16),
	(66, 66, 3, 3, 10, 5),
	(67, 67, 4, 4, 10, 5),
	(68, 68, 4, 4, 10, 6),
	(69, 69, 3, 3, 10, 11),
	(70, 70, 4, 4, 10, 8),
	(71, 71, 4, 4, 10, 9),
	(72, 72, 4, 4, 10, 12),
	(73, 73, 4, 4, 10, 11),
	(74, 74, 4, 4, 10, 14),
	(75, 75, 4, 4, 10, 15),
	(76, 76, 4, 4, 10, 17),
	(77, 77, 4, 4, 10, 18),
	(78, 78, 4, 4, 10, 19),
	(79, 79, 3, 3, 10, 20),
	(80, 80, 4, 4, 10, 20),
	 
	(81, 81, 5, 5, 1, 1),
	(82, 82, 5, 5, 1, 2),
	(83, 83, 5, 5, 1, 3),
	(84, 84, 5, 5, 1, 4),
	(85, 85, 5, 5, 1, 5),
	(86, 86, 5, 5, 1, 6),
	(87, 87, 5, 5, 1, 7),
	(88, 88, 5, 5, 1, 8),
	(89, 89, 5, 5, 1, 9),
	(90, 90, 5, 5, 1, 10),
	(91, 91, 5, 5, 2, 11),
	(92, 92, 5, 5, 2, 12),
	(93, 93, 5, 5, 2, 13),
	(94, 94, 5, 5, 2, 14),
	(95, 95, 5, 5, 2, 15),
	(96, 96, 5, 5, 2, 16),
	(97, 97, 5, 5, 2, 17),
	(98, 98, 5, 5, 2, 18),
	(99, 99, 5, 5, 2, 19),
	(100, 100, 5, 5, 4, 20),
     
	(101, 101, 6, 6, 1, 1),
	(102, 102, 6, 6, 1, 2),
	(103, 103, 6, 6, 1, 3),
	(104, 104, 6, 6, 1, 4),
	(105, 105, 6, 6, 1, 5),
	(106, 106, 6, 6, 1, 6),
	(107, 107, 6, 6, 1, 7),
	(108, 108, 6, 6, 1, 8),
	(109, 109, 6, 6, 1, 9),
	(110, 110, 6, 6, 1, 10),
	(111, 111, 6, 6, 2, 11),
	(112, 112, 6, 6, 2, 12),
	(113, 113, 6, 6, 2, 13),
	(114, 114, 6, 6, 2, 14),
	(115, 115, 6, 6, 2, 15),
	(116, 116, 6, 6, 2, 16),
	(117, 117, 6, 6, 2, 17),
	(118, 118, 6, 6, 2, 18),
	(119, 119, 6, 6, 2, 19),
	(120, 120, 6, 6, 4, 20),	
     
	(121, 121, 7, 7, 1, 1),
	(122, 122, 7, 7, 1, 1),
	(123, 123, 7, 7, 1, 1),
	(124, 124, 7, 7, 1, 1),
	(125, 125, 7, 7, 1, 1),
	(126, 126, 7, 7, 1, 1),
	(127, 127, 7, 7, 1, 1),
	(128, 128, 7, 7, 1, 1),
	(129, 129, 7, 7, 1, 1),
	(130, 130, 7, 7, 1, 1),
	(131, 131, 7, 7, 1, 1),
	(132, 132, 7, 7, 1, 1),
	(133, 133, 7, 7, 1, 1),
	(134, 134, 7, 7, 1, 1),
	(135, 135, 7, 7, 1, 1),
	(136, 136, 7, 7, 1, 1),
	(137, 137, 7, 7, 1, 1),
	(138, 138, 7, 7, 1, 1),
	(139, 139, 7, 7, 1, 1),
	(140, 140, 7, 7, 1, 1),
     
	(141, 141, 8, 8, 1, 1),
	(142, 142, 8, 8, 1, 1),
	(143, 143, 8, 8, 1, 1),
	(144, 144, 8, 8, 1, 1),
	(145, 145, 8, 8, 1, 1),
	(146, 146, 8, 8, 1, 1),
	(147, 147, 8, 8, 1, 1),
	(148, 148, 8, 8, 1, 1),
	(149, 149, 8, 8, 1, 1),
	(150, 150, 8, 8, 1, 1),
	(151, 151, 8, 8, 1, 1),
	(152, 152, 8, 8, 1, 1),
	(153, 153, 8, 8, 1, 1),
	(154, 154, 8, 8, 1, 1),
	(155, 155, 8, 8, 1, 1),
	(156, 156, 8, 8, 1, 1),
	(157, 157, 8, 8, 1, 1),
	(158, 158, 8, 8, 1, 1),
	(159, 159, 8, 8, 1, 1),
	(160, 160, 8, 8, 1, 1),
     
	(161, 161, 9, 9, 1, NULL),
	(162, 162, 9, 9, 1, NULL),
	(163, 163, 9, 9, 1, NULL),
	(164, 164, 9, 9, 1, NULL),
	(165, 165, 9, 9, 1, NULL),
	(166, 166, 9, 9, 1, NULL),
	(167, 167, 9, 9, 1, NULL),
	(168, 168, 9, 9, 1, NULL),
	(169, 169, 9, 9, 1, NULL),
	(170, 170, 9, 9, 2, NULL),
	(171, 171, 9, 9, 2, NULL),
	(172, 172, 9, 9, 2, NULL),
	(173, 173, 9, 9, 2, NULL),
	(174, 174, 9, 9, 2, NULL),
	(175, 175, 9, 9, 2, NULL),
	(176, 176, 9, 9, 2, NULL),
	(177, 177, 9, 9, 3, NULL),
	(178, 178, 9, 9, 3, NULL),
	(179, 179, 9, 9, 3, NULL),
	(180, 180, 9, 9, 3, NULL),
     
	(181, 181, 10, 10, 1, 1),
	(182, 182, 10, 10, 1, 2),
	(183, 183, 10, 10, 1, 3),
	(184, 184, 10, 10, 1, 4),
	(185, 185, 10, 10, 1, 5),
	(186, 186, 10, 10, 2, 6),
	(187, 187, 10, 10, 2, 7),
	(188, 188, 10, 10, 2, 8),
	(189, 189, 10, 10, 2, 9),
	(190, 190, 10, 10, 2, 10),
	(191, 191, 10, 10, 3, 11),
	(192, 192, 10, 10, 3, 12),
	(193, 193, 10, 10, 3, 13),
	(194, 194, 10, 10, 3, 14),
	(195, 195, 10, 10, 3, 15),
	(196, 196, 10, 10, 4, 16),
	(197, 197, 10, 10, 4, 17),
	(198, 198, 10, 10, 4, 18),
	(199, 199, 10, 10, 4, 19),
	(200, 200, 10, 10, 4, 20);
SET IDENTITY_INSERT tblQuizQuestion OFF;


SET IDENTITY_INSERT [dbo].[tblQuizPassQuestion] ON 

INSERT [dbo].[tblQuizPassQuestion] ([Id], [QuizPassId], [QuestionId], [QuizBlockId], [QuestionOrder])
VALUES (1, 1, 1, 1, 1),
	(2, 21, 1, 1, 1),
	(3, 1, 2, 1, 2),
	(4, 21, 2, 1, 2),
	(5, 1, 3, 1, 3),
	(6, 21, 3, 1, 3),
	(7, 1, 4, 1, 4),
	(8, 21, 4, 1, 4),
	(9, 1, 5, 1, 5),
	(10, 21, 5, 1, 5),
	(11, 1, 6, 1, 1),
	(12, 21, 6, 1, 1),
	(13, 1, 7, 1, 4),
	(14, 21, 7, 1, 4),
	(15, 1, 8, 1, 5),
	(16, 21, 8, 1, 5),
	(17, 1, 9, 1, 2),
	(18, 21, 9, 1, 2),
	(19, 1, 10, 1, 3),
	(20, 21, 10, 1, 3),
	(21, 1, 11, 1, 2),
	(22, 21, 11, 1, 2),
	(23, 1, 12, 1, 1),
	(24, 21, 12, 1, 1),
	(25, 1, 13, 1, 3),
	(26, 21, 13, 1, 3),
	(27, 1, 14, 1, 4),
	(28, 21, 14, 1, 4),
	(29, 1, 15, 1, 5),
	(30, 21, 15, 1, 5),
	(31, 1, 16, 1, 1),
	(32, 21, 16, 1, 1),
	(33, 1, 17, 1, 5),
	(34, 21, 17, 1, 5),
	(35, 1, 18, 1, 2),
	(36, 21, 18, 1, 2),
	(37, 1, 19, 1, 3),
	(38, 21, 19, 1, 3),
	(39, 1, 20, 1, 4),
	(40, 21, 20, 1, 4),
	(41, 2, 21, 2, 1),
	(42, 20, 21, 2, 1),
	(43, 22, 21, 2, 1),
	(44, 23, 21, 2, 1),
	(45, 2, 22, 2, 2),
	(46, 20, 22, 2, 2),
	(47, 22, 22, 2, 2),
	(48, 23, 22, 2, 2),
	(49, 2, 23, 2, 3),
	(50, 20, 23, 2, 3),
	(51, 22, 23, 2, 3),
	(52, 23, 23, 2, 3),
	(53, 2, 24, 2, 4),
	(54, 20, 24, 2, 4),
	(55, 22, 24, 2, 4),
	(56, 23, 24, 2, 4),
	(57, 2, 25, 2, 5),
	(58, 20, 25, 2, 5),
	(59, 22, 25, 2, 5),
	(60, 23, 25, 2, 5),
	(61, 2, 26, 2, 1),
	(62, 20, 26, 2, 1),
	(63, 22, 26, 2, 1),
	(64, 23, 26, 2, 1),
	(65, 2, 27, 2, 2),
	(66, 20, 27, 2, 2),
	(67, 22, 27, 2, 2),
	(68, 23, 27, 2, 2),
	(69, 2, 28, 2, 4),
	(70, 20, 28, 2, 4),
	(71, 22, 28, 2, 4),
	(72, 23, 28, 2, 4),
	(73, 2, 29, 2, 3),
	(74, 20, 29, 2, 3),
	(75, 22, 29, 2, 3),
	(76, 23, 29, 2, 3),
	(77, 2, 30, 2, 5),
	(78, 20, 30, 2, 5),
	(79, 22, 30, 2, 5),
	(80, 23, 30, 2, 5),
	(81, 2, 31, 2, 3),
	(82, 20, 31, 2, 3),
	(83, 22, 31, 2, 3),
	(84, 23, 31, 2, 3),
	(85, 2, 32, 2, 1),
	(86, 20, 32, 2, 1),
	(87, 22, 32, 2, 1),
	(88, 23, 32, 2, 1),
	(89, 2, 33, 2, 2),
	(90, 20, 33, 2, 2),
	(91, 22, 33, 2, 2),
	(92, 23, 33, 2, 2),
	(93, 2, 34, 2, 4),
	(94, 20, 34, 2, 4),
	(95, 22, 34, 2, 4),
	(96, 23, 34, 2, 4),
	(97, 2, 35, 2, 5),
	(98, 20, 35, 2, 5),
	(99, 22, 35, 2, 5),
	(100, 23, 35, 2, 5),
	(101, 2, 36, 2, 1),
	(102, 20, 36, 2, 1),
	(103, 22, 36, 2, 1),
	(104, 23, 36, 2, 1),
	(105, 2, 37, 2, 2),
	(106, 20, 37, 2, 2),
	(107, 22, 37, 2, 2),
	(108, 23, 37, 2, 2),
	(109, 2, 38, 2, 3),
	(110, 20, 38, 2, 3),
	(111, 22, 38, 2, 3),
	(112, 23, 38, 2, 3),
	(113, 2, 39, 2, 4),
	(114, 20, 39, 2, 4),
	(115, 22, 39, 2, 4),
	(116, 23, 39, 2, 4),
	(117, 2, 40, 2, 5),
	(118, 20, 40, 2, 5),
	(119, 22, 40, 2, 5),
	(120, 23, 40, 2, 5),
	(121, 3, 41, 3, 1),
	(122, 19, 41, 3, 1),
	(123, 24, 41, 3, 1),
	(124, 3, 42, 3, 4),
	(125, 19, 42, 3, 4),
	(126, 24, 42, 3, 4),
	(127, 3, 43, 3, 7),
	(128, 19, 43, 3, 7),
	(129, 24, 43, 3, 7),
	(130, 3, 44, 3, 10),
	(131, 19, 44, 3, 10),
	(132, 24, 44, 3, 10),
	(133, 3, 45, 3, 13),
	(134, 19, 45, 3, 13),
	(135, 24, 45, 3, 13),
	(136, 4, 46, 4, 1),
	(137, 18, 46, 4, 1),
	(138, 17, 46, 4, 1),
	(139, 25, 46, 4, 1),
	(140, 4, 47, 4, 4),
	(141, 18, 47, 4, 4),
	(142, 17, 47, 4, 4),
	(143, 25, 47, 4, 4),
	(144, 4, 48, 4, 7),
	(145, 18, 48, 4, 7),
	(146, 17, 48, 4, 7),
	(147, 25, 48, 4, 7),
	(148, 4, 49, 4, 10),
	(149, 18, 49, 4, 10),
	(150, 17, 49, 4, 10),
	(151, 25, 49, 4, 10),
	(152, 4, 50, 4, 13),
	(153, 18, 50, 4, 13),
	(154, 17, 50, 4, 13),
	(155, 25, 50, 4, 13),
	(156, 3, 51, 3, 2),
	(157, 19, 51, 3, 2),
	(158, 24, 51, 3, 2),
	(159, 3, 52, 3, 3),
	(160, 19, 52, 3, 3),
	(161, 24, 52, 3, 3),
	(162, 3, 53, 3, 6),
	(163, 19, 53, 3, 6),
	(164, 24, 53, 3, 6),
	(165, 3, 54, 3, 8),
	(166, 19, 54, 3, 8),
	(167, 24, 54, 3, 8),
	(168, 3, 55, 3, 9),
	(169, 19, 55, 3, 9),
	(170, 24, 55, 3, 9),
	(171, 3, 56, 3, 12),
	(172, 19, 56, 3, 12),
	(173, 24, 56, 3, 12),
	(174, 3, 57, 3, 14),
	(175, 19, 57, 3, 14),
	(176, 24, 57, 3, 14),
	(177, 3, 58, 3, 15),
	(178, 19, 58, 3, 15),
	(179, 24, 58, 3, 15),
	(180, 3, 59, 3, 17),
	(181, 19, 59, 3, 17),
	(182, 24, 59, 3, 17),
	(183, 3, 60, 3, 18),
	(184, 19, 60, 3, 18),
	(185, 24, 60, 3, 18),
	(186, 3, 61, 3, 19),
	(187, 19, 61, 3, 19),
	(188, 24, 61, 3, 19),
	(189, 4, 62, 4, 2),
	(190, 18, 62, 4, 2),
	(191, 17, 62, 4, 2),
	(192, 25, 62, 4, 2),
	(193, 4, 63, 4, 3),
	(194, 18, 63, 4, 3),
	(195, 17, 63, 4, 3),
	(196, 25, 63, 4, 3),
	(197, 3, 64, 3, 16),
	(198, 19, 64, 3, 16),
	(199, 24, 64, 3, 16),
	(200, 4, 65, 4, 16),
	(201, 18, 65, 4, 16),
	(202, 17, 65, 4, 16),
	(203, 25, 65, 4, 16),
	(204, 3, 66, 3, 5),
	(205, 19, 66, 3, 5),
	(206, 24, 66, 3, 5),
	(207, 4, 67, 4, 5),
	(208, 18, 67, 4, 5),
	(209, 17, 67, 4, 5),
	(210, 25, 67, 4, 5),
	(211, 4, 68, 4, 6),
	(212, 18, 68, 4, 6),
	(213, 17, 68, 4, 6),
	(214, 25, 68, 4, 6),
	(215, 3, 69, 3, 11),
	(216, 19, 69, 3, 11),
	(217, 24, 69, 3, 11),
	(218, 4, 70, 4, 8),
	(219, 18, 70, 4, 8),
	(220, 17, 70, 4, 8),
	(221, 25, 70, 4, 8),
	(222, 4, 71, 4, 9),
	(223, 18, 71, 4, 9),
	(224, 17, 71, 4, 9),
	(225, 25, 71, 4, 9),
	(226, 4, 72, 4, 12),
	(227, 18, 72, 4, 12),
	(228, 17, 72, 4, 12),
	(229, 25, 72, 4, 12),
	(230, 4, 73, 4, 11),
	(231, 18, 73, 4, 11),
	(232, 17, 73, 4, 11),
	(233, 25, 73, 4, 11),
	(234, 4, 74, 4, 14),
	(235, 18, 74, 4, 14),
	(236, 17, 74, 4, 14),
	(237, 25, 74, 4, 14),
	(238, 4, 75, 4, 15),
	(239, 18, 75, 4, 15),
	(240, 17, 75, 4, 15),
	(241, 25, 75, 4, 15),
	(242, 4, 76, 4, 17),
	(243, 18, 76, 4, 17),
	(244, 17, 76, 4, 17),
	(245, 25, 76, 4, 17),
	(246, 4, 77, 4, 18),
	(247, 18, 77, 4, 18),
	(248, 17, 77, 4, 18),
	(249, 25, 77, 4, 18),
	(250, 4, 78, 4, 19),
	(251, 18, 78, 4, 19),
	(252, 17, 78, 4, 19),
	(253, 25, 78, 4, 19),
	(254, 3, 79, 3, 20),
	(255, 19, 79, 3, 20),
	(256, 24, 79, 3, 20),
	(257, 4, 80, 4, 20),
	(258, 18, 80, 4, 20),
	(259, 17, 80, 4, 20),
	(260, 25, 80, 4, 20),
	(261, 5, 81, 5, 1),
	(262, 16, 81, 5, 1),
	(263, 26, 81, 5, 1),
	(264, 5, 82, 5, 2),
	(265, 16, 82, 5, 2),
	(266, 26, 82, 5, 2),
	(267, 5, 83, 5, 3),
	(268, 16, 83, 5, 3),
	(269, 26, 83, 5, 3),
	(270, 5, 84, 5, 4),
	(271, 16, 84, 5, 4),
	(272, 26, 84, 5, 4),
	(273, 5, 85, 5, 5),
	(274, 16, 85, 5, 5),
	(275, 26, 85, 5, 5),
	(276, 5, 86, 5, 6),
	(277, 16, 86, 5, 6),
	(278, 26, 86, 5, 6),
	(279, 5, 87, 5, 7),
	(280, 16, 87, 5, 7),
	(281, 26, 87, 5, 7),
	(282, 5, 88, 5, 8),
	(283, 16, 88, 5, 8),
	(284, 26, 88, 5, 8),
	(285, 5, 89, 5, 9),
	(286, 16, 89, 5, 9),
	(287, 26, 89, 5, 9),
	(288, 5, 90, 5, 10),
	(289, 16, 90, 5, 10),
	(290, 26, 90, 5, 10),
	(291, 5, 91, 5, 11),
	(292, 16, 91, 5, 11),
	(293, 26, 91, 5, 11),
	(294, 5, 92, 5, 12),
	(295, 16, 92, 5, 12),
	(296, 26, 92, 5, 12),
	(297, 5, 93, 5, 13),
	(298, 16, 93, 5, 13),
	(299, 26, 93, 5, 13),
	(300, 5, 94, 5, 14),
	(301, 16, 94, 5, 14),
	(302, 26, 94, 5, 14),
	(303, 5, 95, 5, 15),
	(304, 16, 95, 5, 15),
	(305, 26, 95, 5, 15),
	(306, 5, 96, 5, 16),
	(307, 16, 96, 5, 16),
	(308, 26, 96, 5, 16),
	(309, 5, 97, 5, 17),
	(310, 16, 97, 5, 17),
	(311, 26, 97, 5, 17),
	(312, 5, 98, 5, 18),
	(313, 16, 98, 5, 18),
	(314, 26, 98, 5, 18),
	(315, 5, 99, 5, 19),
	(316, 16, 99, 5, 19),
	(317, 26, 99, 5, 19),
	(318, 5, 100, 5, 20),
	(319, 16, 100, 5, 20),
	(320, 26, 100, 5, 20),
	(321, 6, 101, 6, 1),
	(322, 15, 101, 6, 1),
	(323, 27, 101, 6, 1),
	(324, 34, 101, 6, 1),
	(325, 6, 102, 6, 2),
	(326, 15, 102, 6, 2),
	(327, 27, 102, 6, 2),
	(328, 34, 102, 6, 2),
	(329, 6, 103, 6, 3),
	(330, 15, 103, 6, 3),
	(331, 27, 103, 6, 3),
	(332, 34, 103, 6, 3),
	(333, 6, 104, 6, 4),
	(334, 15, 104, 6, 4),
	(335, 27, 104, 6, 4),
	(336, 34, 104, 6, 4),
	(337, 6, 105, 6, 5),
	(338, 15, 105, 6, 5),
	(339, 27, 105, 6, 5),
	(340, 34, 105, 6, 5),
	(341, 6, 106, 6, 6),
	(342, 15, 106, 6, 6),
	(343, 27, 106, 6, 6),
	(344, 34, 106, 6, 6),
	(345, 6, 107, 6, 7),
	(346, 15, 107, 6, 7),
	(347, 27, 107, 6, 7),
	(348, 34, 107, 6, 7),
	(349, 6, 108, 6, 8),
	(350, 15, 108, 6, 8),
	(351, 27, 108, 6, 8),
	(352, 34, 108, 6, 8),
	(353, 6, 109, 6, 9),
	(354, 15, 109, 6, 9),
	(355, 27, 109, 6, 9),
	(356, 34, 109, 6, 9),
	(357, 6, 110, 6, 10),
	(358, 15, 110, 6, 10),
	(359, 27, 110, 6, 10),
	(360, 34, 110, 6, 10),
	(361, 6, 111, 6, 11),
	(362, 15, 111, 6, 11),
	(363, 27, 111, 6, 11),
	(364, 34, 111, 6, 11),
	(365, 6, 112, 6, 12),
	(366, 15, 112, 6, 12),
	(367, 27, 112, 6, 12),
	(368, 34, 112, 6, 12),
	(369, 6, 113, 6, 13),
	(370, 15, 113, 6, 13),
	(371, 27, 113, 6, 13),
	(372, 34, 113, 6, 13),
	(373, 6, 114, 6, 14),
	(374, 15, 114, 6, 14),
	(375, 27, 114, 6, 14),
	(376, 34, 114, 6, 14),
	(377, 6, 115, 6, 15),
	(378, 15, 115, 6, 15),
	(379, 27, 115, 6, 15),
	(380, 34, 115, 6, 15),
	(381, 6, 116, 6, 16),
	(382, 15, 116, 6, 16),
	(383, 27, 116, 6, 16),
	(384, 34, 116, 6, 16),
	(385, 6, 117, 6, 17),
	(386, 15, 117, 6, 17),
	(387, 27, 117, 6, 17),
	(388, 34, 117, 6, 17),
	(389, 6, 118, 6, 18),
	(390, 15, 118, 6, 18),
	(391, 27, 118, 6, 18),
	(392, 34, 118, 6, 18),
	(393, 6, 119, 6, 19),
	(394, 15, 119, 6, 19),
	(395, 27, 119, 6, 19),
	(396, 34, 119, 6, 19),
	(397, 6, 120, 6, 20),
	(398, 15, 120, 6, 20),
	(399, 27, 120, 6, 20),
	(400, 34, 120, 6, 20),
	(401, 7, 121, 7, 1),
	(402, 14, 121, 7, 1),
	(403, 28, 121, 7, 1),
	(404, 35, 121, 7, 1),
	(405, 7, 122, 7, 1),
	(406, 14, 122, 7, 1),
	(407, 28, 122, 7, 1),
	(408, 35, 122, 7, 1),
	(409, 7, 123, 7, 1),
	(410, 14, 123, 7, 1),
	(411, 28, 123, 7, 1),
	(412, 35, 123, 7, 1),
	(413, 7, 124, 7, 1),
	(414, 14, 124, 7, 1),
	(415, 28, 124, 7, 1),
	(416, 35, 124, 7, 1),
	(417, 7, 125, 7, 1),
	(418, 14, 125, 7, 1),
	(419, 28, 125, 7, 1),
	(420, 35, 125, 7, 1),
	(421, 7, 126, 7, 1),
	(422, 14, 126, 7, 1),
	(423, 28, 126, 7, 1),
	(424, 35, 126, 7, 1),
	(425, 7, 127, 7, 1),
	(426, 14, 127, 7, 1),
	(427, 28, 127, 7, 1),
	(428, 35, 127, 7, 1),
	(429, 7, 128, 7, 1),
	(430, 14, 128, 7, 1),
	(431, 28, 128, 7, 1),
	(432, 35, 128, 7, 1),
	(433, 7, 129, 7, 1),
	(434, 14, 129, 7, 1),
	(435, 28, 129, 7, 1),
	(436, 35, 129, 7, 1),
	(437, 7, 130, 7, 1),
	(438, 14, 130, 7, 1),
	(439, 28, 130, 7, 1),
	(440, 35, 130, 7, 1),
	(441, 7, 131, 7, 1),
	(442, 14, 131, 7, 1),
	(443, 28, 131, 7, 1),
	(444, 35, 131, 7, 1),
	(445, 7, 132, 7, 1),
	(446, 14, 132, 7, 1),
	(447, 28, 132, 7, 1),
	(448, 35, 132, 7, 1),
	(449, 7, 133, 7, 1),
	(450, 14, 133, 7, 1),
	(451, 28, 133, 7, 1),
	(452, 35, 133, 7, 1),
	(453, 7, 134, 7, 1),
	(454, 14, 134, 7, 1),
	(455, 28, 134, 7, 1),
	(456, 35, 134, 7, 1),
	(457, 7, 135, 7, 1),
	(458, 14, 135, 7, 1),
	(459, 28, 135, 7, 1),
	(460, 35, 135, 7, 1),
	(461, 7, 136, 7, 1),
	(462, 14, 136, 7, 1),
	(463, 28, 136, 7, 1),
	(464, 35, 136, 7, 1),
	(465, 7, 137, 7, 1),
	(466, 14, 137, 7, 1),
	(467, 28, 137, 7, 1),
	(468, 35, 137, 7, 1),
	(469, 7, 138, 7, 1),
	(470, 14, 138, 7, 1),
	(471, 28, 138, 7, 1),
	(472, 35, 138, 7, 1),
	(473, 7, 139, 7, 1),
	(474, 14, 139, 7, 1),
	(475, 28, 139, 7, 1),
	(476, 35, 139, 7, 1),
	(477, 7, 140, 7, 1),
	(478, 14, 140, 7, 1),
	(479, 28, 140, 7, 1),
	(480, 35, 140, 7, 1),
	(481, 8, 141, 8, 1),
	(482, 13, 141, 8, 1),
	(483, 29, 141, 8, 1),
	(484, 33, 141, 8, 1),
	(485, 8, 142, 8, 1),
	(486, 13, 142, 8, 1),
	(487, 29, 142, 8, 1),
	(488, 33, 142, 8, 1),
	(489, 8, 143, 8, 1),
	(490, 13, 143, 8, 1),
	(491, 29, 143, 8, 1),
	(492, 33, 143, 8, 1),
	(493, 8, 144, 8, 1),
	(494, 13, 144, 8, 1),
	(495, 29, 144, 8, 1),
	(496, 33, 144, 8, 1),
	(497, 8, 145, 8, 1),
	(498, 13, 145, 8, 1),
	(499, 29, 145, 8, 1),
	
	(500, 33, 145, 8, 1),
	(501, 8, 146, 8, 1),
	(502, 13, 146, 8, 1),
	(503, 29, 146, 8, 1),
	(504, 33, 146, 8, 1),
	(505, 8, 147, 8, 1),
	(506, 13, 147, 8, 1),
	(507, 29, 147, 8, 1),
	(508, 33, 147, 8, 1),
	(509, 8, 148, 8, 1),
	(510, 13, 148, 8, 1),
	(511, 29, 148, 8, 1),
	(512, 33, 148, 8, 1),
	(513, 8, 149, 8, 1),
	(514, 13, 149, 8, 1),
	(515, 29, 149, 8, 1),
	(516, 33, 149, 8, 1),
	(517, 8, 150, 8, 1),
	(518, 13, 150, 8, 1),
	(519, 29, 150, 8, 1),
	(520, 33, 150, 8, 1),
	(521, 8, 151, 8, 1),
	(522, 13, 151, 8, 1),
	(523, 29, 151, 8, 1),
	(524, 33, 151, 8, 1),
	(525, 8, 152, 8, 1),
	(526, 13, 152, 8, 1),
	(527, 29, 152, 8, 1),
	(528, 33, 152, 8, 1),
	(529, 8, 153, 8, 1),
	(530, 13, 153, 8, 1),
	(531, 29, 153, 8, 1),
	(532, 33, 153, 8, 1),
	(533, 8, 154, 8, 1),
	(534, 13, 154, 8, 1),
	(535, 29, 154, 8, 1),
	(536, 33, 154, 8, 1),
	(537, 8, 155, 8, 1),
	(538, 13, 155, 8, 1),
	(539, 29, 155, 8, 1),
	(540, 33, 155, 8, 1),
	(541, 8, 156, 8, 1),
	(542, 13, 156, 8, 1),
	(543, 29, 156, 8, 1),
	(544, 33, 156, 8, 1),
	(545, 8, 157, 8, 1),
	(546, 13, 157, 8, 1),
	(547, 29, 157, 8, 1),
	(548, 33, 157, 8, 1),
	(549, 8, 158, 8, 1),
	(550, 13, 158, 8, 1),
	(551, 29, 158, 8, 1),
	(552, 33, 158, 8, 1),
	(553, 8, 159, 8, 1),
	(554, 13, 159, 8, 1),
	(555, 29, 159, 8, 1),
	(556, 33, 159, 8, 1),
	(557, 8, 160, 8, 1),
	(558, 13, 160, 8, 1),
	(559, 29, 160, 8, 1),
	(560, 33, 160, 8, 1),
	(561, 9, 161, 9, 1),
	(562, 12, 161, 9, 1),
	(563, 30, 161, 9, 1),
	(564, 32, 161, 9, 1),
	(565, 9, 162, 9, 1),
	(566, 12, 162, 9, 1),
	(567, 30, 162, 9, 1),
	(568, 32, 162, 9, 1),
	(569, 9, 163, 9, 1),
	(570, 12, 163, 9, 1),
	(571, 30, 163, 9, 1),
	(572, 32, 163, 9, 1),
	(573, 9, 164, 9, 1),
	(574, 12, 164, 9, 1),
	(575, 30, 164, 9, 1),
	(576, 32, 164, 9, 1),
	(577, 9, 165, 9, 1),
	(578, 12, 165, 9, 1),
	(579, 30, 165, 9, 1),
	(580, 32, 165, 9, 1),
	(581, 9, 166, 9, 1),
	(582, 12, 166, 9, 1),
	(583, 30, 166, 9, 1),
	(584, 32, 166, 9, 1),
	(585, 9, 167, 9, 1),
	(586, 12, 167, 9, 1),
	(587, 30, 167, 9, 1),
	(588, 32, 167, 9, 1),
	(589, 9, 168, 9, 1),
	(590, 12, 168, 9, 1),
	(591, 30, 168, 9, 1),
	(592, 32, 168, 9, 1),
	(593, 9, 169, 9, 1),
	(594, 12, 169, 9, 1),
	(595, 30, 169, 9, 1),
	(596, 32, 169, 9, 1),
	(597, 9, 170, 9, 1),
	(598, 12, 170, 9, 1),
	(599, 30, 170, 9, 1),
	(600, 32, 170, 9, 1),
	(601, 9, 171, 9, 1),
	(602, 12, 171, 9, 1),
	(603, 30, 171, 9, 1),
	(604, 32, 171, 9, 1),
	(605, 9, 172, 9, 1),
	(606, 12, 172, 9, 1),
	(607, 30, 172, 9, 1),
	(608, 32, 172, 9, 1),
	(609, 9, 173, 9, 1),
	(610, 12, 173, 9, 1),
	(611, 30, 173, 9, 1),
	(612, 32, 173, 9, 1),
	(613, 9, 174, 9, 1),
	(614, 12, 174, 9, 1),
	(615, 30, 174, 9, 1),
	(616, 32, 174, 9, 1),
	(617, 9, 175, 9, 1),
	(618, 12, 175, 9, 1),
	(619, 30, 175, 9, 1),
	(620, 32, 175, 9, 1),
	(621, 9, 176, 9, 1),
	(622, 12, 176, 9, 1),
	(623, 30, 176, 9, 1),
	(624, 32, 176, 9, 1),
	(625, 9, 177, 9, 1),
	(626, 12, 177, 9, 1),
	(627, 30, 177, 9, 1),
	(628, 32, 177, 9, 1),
	(629, 9, 178, 9, 1),
	(630, 12, 178, 9, 1),
	(631, 30, 178, 9, 1),
	(632, 32, 178, 9, 1),
	(633, 9, 179, 9, 1),
	(634, 12, 179, 9, 1),
	(635, 30, 179, 9, 1),
	(636, 32, 179, 9, 1),
	(637, 9, 180, 9, 1),
	(638, 12, 180, 9, 1),
	(639, 30, 180, 9, 1),
	(640, 32, 180, 9, 1),
	(641, 11, 181, 10, 1),
	(642, 10, 181, 10, 1),
	(643, 31, 181, 10, 1),
	(644, 11, 182, 10, 2),
	(645, 10, 182, 10, 2),
	(646, 31, 182, 10, 2),
	(647, 11, 183, 10, 3),
	(648, 10, 183, 10, 3),
	(649, 31, 183, 10, 3),
	(650, 11, 184, 10, 4),
	(651, 10, 184, 10, 4),
	(652, 31, 184, 10, 4),
	(653, 11, 185, 10, 5),
	(654, 10, 185, 10, 5),
	(655, 31, 185, 10, 5),
	(656, 11, 186, 10, 6),
	(657, 10, 186, 10, 6),
	(658, 31, 186, 10, 6),
	(659, 11, 187, 10, 7),
	(660, 10, 187, 10, 7),
	(661, 31, 187, 10, 7),
	(662, 11, 188, 10, 8),
	(663, 10, 188, 10, 8),
	(664, 31, 188, 10, 8),
	(665, 11, 189, 10, 9),
	(666, 10, 189, 10, 9),
	(667, 31, 189, 10, 9),
	(668, 11, 190, 10, 10),
	(669, 10, 190, 10, 10),
	(670, 31, 190, 10, 10),
	(671, 11, 191, 10, 11),
	(672, 10, 191, 10, 11),
	(673, 31, 191, 10, 11),
	(674, 11, 192, 10, 12),
	(675, 10, 192, 10, 12),
	(676, 31, 192, 10, 12),
	(677, 11, 193, 10, 13),
	(678, 10, 193, 10, 13),
	(679, 31, 193, 10, 13),
	(680, 11, 194, 10, 14),
	(681, 10, 194, 10, 14),
	(682, 31, 194, 10, 14),
	(683, 11, 195, 10, 15),
	(684, 10, 195, 10, 15),
	(685, 31, 195, 10, 15),
	(686, 11, 196, 10, 16),
	(687, 10, 196, 10, 16),
	(688, 31, 196, 10, 16),
	(689, 11, 197, 10, 17),
	(690, 10, 197, 10, 17),
	(691, 31, 197, 10, 17),
	(692, 11, 198, 10, 18),
	(693, 10, 198, 10, 18),
	(694, 31, 198, 10, 18),
	(695, 11, 199, 10, 19),
	(696, 10, 199, 10, 19),
	(697, 31, 199, 10, 19),
	(698, 11, 200, 10, 20),
	(699, 10, 200, 10, 20),
	(700, 31, 200, 10, 20);
SET IDENTITY_INSERT [dbo].[tblQuizPassQuestion] OFF


SET IDENTITY_INSERT [dbo].[tblUserAnswer] ON 

INSERT [dbo].[tblUserAnswer] ([Id], [QuizPassQuestionId], [AnswerId], [AnswerTime]) 
VALUES (1, 261, 301, CONVERT(DATETIME, '2017-02-19 12:10:00', 120)),
	(2, 593, 1691,   CONVERT(DATETIME, '2016-10-15 19:24:00', 120)),
	(3, 238, 74,     CONVERT(DATETIME, '2016-10-17 17:18:00', 120)),
	(4, 23, 126,     CONVERT(DATETIME, '2016-09-20 12:53:00', 120)),
	(5, 355, 384,    CONVERT(DATETIME, '2017-03-19 09:29:00', 120)),
	(6, 570, 1631,   CONVERT(DATETIME, '2017-02-20 12:10:00', 120)),
	(7, 687, 1961,   CONVERT(DATETIME, '2016-11-29 11:32:00', 120)),
	(8, 215, 56,     CONVERT(DATETIME, '2016-11-24 15:32:00', 120)),
	(9, 46, 92,      CONVERT(DATETIME, '2017-02-23 08:29:00', 120)),
	(10, 378, 404,   CONVERT(DATETIME, '2016-09-13 12:50:00', 120)),
	(11, 547, 1571,  CONVERT(DATETIME, '2016-09-28 14:51:00', 120)),
	(12, 192, 36,    CONVERT(DATETIME, '2016-11-15 18:18:00', 120)),
	(13, 69, 179,    CONVERT(DATETIME, '2016-10-21 16:54:00', 120)),
	(14, 401, 1211,  CONVERT(DATETIME, '2017-05-20 22:26:00', 120)),
	(15, 524, 1511,  CONVERT(DATETIME, '2017-02-23 12:11:00', 120)),
	(16, 92, 193,    CONVERT(DATETIME, '2016-10-15 23:24:00', 120)),
	(17, 430, 1281,  CONVERT(DATETIME, '2017-05-20 12:26:00', 120)),
	(18, 501, 1461,  CONVERT(DATETIME, '2016-09-23 12:53:00', 120)),
	(19, 115, 209,   CONVERT(DATETIME, '2016-09-23 12:33:00', 120)),
	(20, 209, 48,    CONVERT(DATETIME, '2016-11-29 12:29:00', 120)),
	(21, 384, 407,   CONVERT(DATETIME, '2017-02-23 00:21:00', 120)),
	(22, 161, 3,     CONVERT(DATETIME, '2016-11-24 16:32:00', 120)),
	(23, 284, 322,   CONVERT(DATETIME, '2017-02-17 13:10:00', 120)),
	(24, 407, 1221,  CONVERT(DATETIME, '2017-05-28 22:20:00', 120)),
	(25, 670, 1901,  CONVERT(DATETIME, '2016-11-25 20:26:00', 120)),
	(26, 232, 68,    CONVERT(DATETIME, '2016-11-29 12:29:00', 120)),
	(27, 361, 390,   CONVERT(DATETIME, '2017-02-28 00:29:00', 120)),
	(28, 564, 1611,  CONVERT(DATETIME, '2016-10-19 17:28:00', 120)),
	(29, 576, 1641,  CONVERT(DATETIME, '2016-10-19 17:28:00', 120)),
	(30, 278, 316,   CONVERT(DATETIME, '2017-02-17 13:10:00', 120)),
	(31, 315, 356,   CONVERT(DATETIME, '2017-02-19 12:10:00', 120)),
	(32, 610, 1731,  CONVERT(DATETIME, '2017-02-20 12:10:00', 120)),
	(33, 169, 11,    CONVERT(DATETIME, '2017-02-23 12:13:00', 120)),
	(34, 175, 16,    CONVERT(DATETIME, '2017-02-23 12:13:00', 120)),
	(35, 418, 1251,  CONVERT(DATETIME, '2017-05-20 12:26:00', 120)),
	(36, 424, 1261,  CONVERT(DATETIME, '2017-05-26 12:20:00', 120)),
	(37, 324, 359,   CONVERT(DATETIME, '2017-02-23 00:21:00', 120)),
	(38, 221, 59,    CONVERT(DATETIME, '2016-11-15 18:18:00', 120)),
	(39, 470, 1381,  CONVERT(DATETIME, '2017-05-20 12:26:00', 120)),
	(40, 75, 183,    CONVERT(DATETIME, '2016-09-23 12:33:00', 120)),
	(41, 616, 1741,  CONVERT(DATETIME, '2016-10-19 17:28:00', 120)),
	(42, 344, 375,   CONVERT(DATETIME, '2017-02-23 00:21:00', 120)),
	(43, 699, 2001,  CONVERT(DATETIME, '2016-11-29 11:32:00', 120)),
	(44, 464, 1361,  CONVERT(DATETIME, '2017-05-26 12:20:00', 120)),
	(45, 438, 1301,  CONVERT(DATETIME, '2017-05-20 12:26:00', 120)),
	(46, 487, 1421,  CONVERT(DATETIME, '2016-09-28 14:51:00', 120)),
	(47, 181, 24,    CONVERT(DATETIME, '2017-02-23 12:13:00', 120)),
	(48, 9, 104,     CONVERT(DATETIME, '2016-09-20 12:53:00', 120)),
	(49, 15, 111,    CONVERT(DATETIME, '2016-09-20 12:53:00', 120)),
	(50, 507, 1471,  CONVERT(DATETIME, '2016-09-28 14:51:00', 120)),
	(51, 673, 1911,  CONVERT(DATETIME, '2016-11-25 20:26:00', 120)),
	(52, 679, 1931,  CONVERT(DATETIME, '2016-11-25 20:26:00', 120)),
	(53, 158, 1,     CONVERT(DATETIME, '2016-11-24 16:32:00', 120)),
	(54, 109, 205,   CONVERT(DATETIME, '2016-10-21 16:54:00', 120)),
	(55, 607, 1721,  CONVERT(DATETIME, '2016-11-13 14:29:00', 120)),
	(56, 650, 1841,  CONVERT(DATETIME, '2016-10-15 13:18:00', 120)),
	(57, 656, 1861,  CONVERT(DATETIME, '2016-10-15 13:18:00', 120)),
	(58, 458, 1351,  CONVERT(DATETIME, '2017-05-20 12:26:00', 120)),
	(59, 556, 1591,  CONVERT(DATETIME, '2017-02-23 12:11:00', 120)),
	(60, 630, 1781,  CONVERT(DATETIME, '2017-02-20 12:10:00', 120)),
	(61, 481, 1411,  CONVERT(DATETIME, '2016-09-23 12:53:00', 120)),
	(62, 530, 1531,  CONVERT(DATETIME, '2017-03-18 00:29:00', 120)),
	(63, 89, 193,    CONVERT(DATETIME, '2016-10-21 16:54:00', 120)),
	(64, 338, 371,   CONVERT(DATETIME, '2016-09-13 12:50:00', 120)),
	(65, 587, 1671,  CONVERT(DATETIME, '2016-11-13 14:29:00', 120)),
	(66, 195, 40,    CONVERT(DATETIME, '2016-11-29 12:29:00', 120)),
	(67, 244, 77,    CONVERT(DATETIME, '2016-11-29 12:29:00', 120)),
	(68, 693, 1981,  CONVERT(DATETIME, '2016-11-29 11:32:00', 120)),
	(69, 301, 340,   CONVERT(DATETIME, '2016-10-25 20:24:00', 120)),
	(70, 387, 410,   CONVERT(DATETIME, '2017-03-19 09:29:00', 120)),
	(71, 550, 1581,  CONVERT(DATETIME, '2017-03-18 00:29:00', 120)),
	(72, 636, 1791,  CONVERT(DATETIME, '2016-10-19 17:28:00', 120)),
	(73, 252, 83,    CONVERT(DATETIME, '2016-11-29 12:29:00', 120)),
	(74, 52, 162,    CONVERT(DATETIME, '2016-10-15 23:24:00', 120)),
	(75, 295, 334,   CONVERT(DATETIME, '2016-10-25 20:24:00', 120)),
	(76, 544, 1561,  CONVERT(DATETIME, '2017-02-23 12:11:00', 120)),
	(77, 444, 1311,  CONVERT(DATETIME, '2017-05-26 12:20:00', 120)),
	(78, 493, 1441,  CONVERT(DATETIME, '2016-09-23 12:53:00', 120)),
	(79, 95, 196,    CONVERT(DATETIME, '2016-09-23 12:33:00', 120)),
	(80, 427, 1271,  CONVERT(DATETIME, '2017-05-28 22:20:00', 120)),
	(81, 189, 36,    CONVERT(DATETIME, '2016-10-17 17:18:00', 120)),
	(82, 72, 179,    CONVERT(DATETIME, '2016-10-15 23:24:00', 120)),
	(83, 404, 1211,  CONVERT(DATETIME, '2017-05-26 12:20:00', 120)),
	(84, 521, 1511,  CONVERT(DATETIME, '2016-09-23 12:53:00', 120)),
	(85, 473, 1391,  CONVERT(DATETIME, '2017-05-20 22:26:00', 120)),
	(86, 118, 213,   CONVERT(DATETIME, '2017-02-23 08:29:00', 120)),
	(87, 450, 1331,  CONVERT(DATETIME, '2017-05-20 12:26:00', 120)),
	(88, 258, 89,    CONVERT(DATETIME, '2016-10-19 17:18:00', 120)),
	(89, 264, 304,   CONVERT(DATETIME, '2017-02-19 12:10:00', 120)),
	(90, 335, 368,   CONVERT(DATETIME, '2017-03-19 09:29:00', 120)),
	(91, 281, 319,   CONVERT(DATETIME, '2017-02-17 13:10:00', 120)),
	(92, 212, 52,    CONVERT(DATETIME, '2016-10-19 17:18:00', 120)),
	(93, 381, 407,   CONVERT(DATETIME, '2017-02-28 00:29:00', 120)),
	(94, 235, 71,    CONVERT(DATETIME, '2016-10-19 17:18:00', 120)),
	(95, 358, 387,   CONVERT(DATETIME, '2016-09-13 12:50:00', 120)),
	(96, 172, 14,    CONVERT(DATETIME, '2017-02-23 12:13:00', 120)),
	(97, 421, 1261,  CONVERT(DATETIME, '2017-05-20 22:26:00', 120)),
	(98, 66, 176,    CONVERT(DATETIME, '2017-02-23 08:29:00', 120)),
	(99, 410, 1231,  CONVERT(DATETIME, '2017-05-20 12:26:00', 120)),
	(100, 527, 1521, CONVERT(DATETIME, '2016-09-28 14:51:00', 120)),
	(101, 218, 59,   CONVERT(DATETIME, '2016-10-17 17:18:00', 120)),
	(102, 375, 400,  CONVERT(DATETIME, '2017-03-19 09:29:00', 120)),
	(103, 229, 65,   CONVERT(DATETIME, '2016-11-15 18:18:00', 120)),
	(104, 32, 137,   CONVERT(DATETIME, '2017-05-23 11:26:00', 120)),
	(105, 327, 362,  CONVERT(DATETIME, '2017-03-19 09:29:00', 120)),
	(106, 364, 390,  CONVERT(DATETIME, '2017-02-23 00:21:00', 120)),
	(107, 573, 1641, CONVERT(DATETIME, '2016-10-15 19:24:00', 120)),
	(108, 659, 1871, CONVERT(DATETIME, '2016-10-15 13:18:00', 120)),
	(109, 513, 1491, CONVERT(DATETIME, '2016-09-23 12:53:00', 120)),
	(110, 667, 1891, CONVERT(DATETIME, '2016-11-25 20:26:00', 120)),
	(111, 275, 313,  CONVERT(DATETIME, '2017-02-17 13:10:00', 120)),
	(112, 613, 1741, CONVERT(DATETIME, '2016-10-15 19:24:00', 120)),
	(113, 619, 1751, CONVERT(DATETIME, '2016-11-13 14:29:00', 120)),
	(114, 467, 1371, CONVERT(DATETIME, '2017-05-28 22:20:00', 120)),
	(115, 26, 130,   CONVERT(DATETIME, '2017-05-23 11:26:00', 120)),
	(116, 272, 310,  CONVERT(DATETIME, '2017-02-17 13:10:00', 120)),
	(117, 321, 359,  CONVERT(DATETIME, '2017-02-28 00:29:00', 120)),
	(118, 567, 1621, CONVERT(DATETIME, '2016-11-13 14:29:00', 120)),
	(119, 178, 20,   CONVERT(DATETIME, '2017-02-23 12:13:00', 120)),
	(120, 510, 1481, CONVERT(DATETIME, '2017-03-18 00:29:00', 120)),
	(121, 676, 1921, CONVERT(DATETIME, '2016-11-25 20:26:00', 120)),
	(122, 35, 146,   CONVERT(DATETIME, '2016-09-20 12:53:00', 120)),
	(123, 367, 393,  CONVERT(DATETIME, '2017-03-19 09:29:00', 120)),
	(124, 533, 1541, CONVERT(DATETIME, '2016-09-23 12:53:00', 120)),
	(125, 390, 413,  CONVERT(DATETIME, '2016-09-13 12:50:00', 120)),
	(126, 461, 1361, CONVERT(DATETIME, '2017-05-20 22:26:00', 120)),
	(127, 106, 201,  CONVERT(DATETIME, '2017-02-23 08:29:00', 120)),
	(128, 86, 189,   CONVERT(DATETIME, '2017-02-23 08:29:00', 120)),
	(129, 584, 1661, CONVERT(DATETIME, '2016-10-19 17:28:00', 120)),
	(130, 484, 1411, CONVERT(DATETIME, '2017-02-23 12:11:00', 120)),
	(131, 553, 1591, CONVERT(DATETIME, '2016-09-23 12:53:00', 120)),
	(132, 627, 1771, CONVERT(DATETIME, '2016-11-13 14:29:00', 120)),
	(133, 63, 172,   CONVERT(DATETIME, '2016-09-23 12:33:00', 120)),
	(134, 112, 205,  CONVERT(DATETIME, '2016-10-15 23:24:00', 120)),
	(135, 604, 1711, CONVERT(DATETIME, '2016-10-19 17:28:00', 120)),
	(136, 653, 1851, CONVERT(DATETIME, '2016-10-15 13:18:00', 120)),
	(137, 255, 86,   CONVERT(DATETIME, '2017-02-23 12:13:00', 120)),
	(138, 504, 1461, CONVERT(DATETIME, '2017-02-23 12:11:00', 120)),
	(139, 55, 165,   CONVERT(DATETIME, '2016-09-23 12:33:00', 120)),
	(140, 292, 331,  CONVERT(DATETIME, '2016-10-25 20:24:00', 120)),
	(141, 304, 344,  CONVERT(DATETIME, '2016-10-25 20:24:00', 120)),
	(142, 633, 1791, CONVERT(DATETIME, '2016-10-15 19:24:00', 120)),
	(143, 241, 74,   CONVERT(DATETIME, '2016-11-15 18:18:00', 120)),
	(144, 647, 1831, CONVERT(DATETIME, '2016-10-15 13:18:00', 120)),
	(145, 696, 1991, CONVERT(DATETIME, '2016-11-29 11:32:00', 120)),
	(146, 341, 375,  CONVERT(DATETIME, '2017-02-28 00:29:00', 120)),
	(147, 347, 378,  CONVERT(DATETIME, '2017-03-19 09:29:00', 120)),
	(148, 590, 1681, CONVERT(DATETIME, '2017-02-20 12:10:00', 120)),
	(149, 596, 1691, CONVERT(DATETIME, '2016-10-19 17:28:00', 120)),
	(150, 441, 1311, CONVERT(DATETIME, '2017-05-20 22:26:00', 120)),
	(151, 447, 1321, CONVERT(DATETIME, '2017-05-28 22:20:00', 120)),
	(152, 490, 1431, CONVERT(DATETIME, '2017-03-18 00:29:00', 120)),
	(153, 49, 162,   CONVERT(DATETIME, '2016-10-21 16:54:00', 120)),
	(154, 298, 337,  CONVERT(DATETIME, '2016-10-25 20:24:00', 120)),
	(155, 639, 1801, CONVERT(DATETIME, '2016-11-13 14:29:00', 120)),
	(156, 690, 1971, CONVERT(DATETIME, '2016-11-29 11:32:00', 120)),
	(157, 190, 36,   CONVERT(DATETIME, '2016-10-19 17:18:00', 120)),
	(158, 522, 1511, CONVERT(DATETIME, '2017-03-18 00:29:00', 120)),
	(159, 213, 52,   CONVERT(DATETIME, '2016-11-29 12:29:00', 120)),
	(160, 545, 1571, CONVERT(DATETIME, '2016-09-23 12:53:00', 120)),
	(161, 476, 1391, CONVERT(DATETIME, '2017-05-26 12:20:00', 120)),
	(162, 167, 7,    CONVERT(DATETIME, '2016-11-24 16:32:00', 120)),
	(163, 499, 1451, CONVERT(DATETIME, '2016-09-28 14:51:00', 120)),
	(164, 353, 384,  CONVERT(DATETIME, '2017-02-28 00:29:00', 120)),
	(165, 359, 387,  CONVERT(DATETIME, '2017-03-19 09:29:00', 120)),
	(166, 330, 365,  CONVERT(DATETIME, '2016-09-13 12:50:00', 120)),
	(167, 336, 368,  CONVERT(DATETIME, '2017-02-23 00:21:00', 120)),
	(168, 453, 1341, CONVERT(DATETIME, '2017-05-20 22:26:00', 120)),
	(169, 236, 71,   CONVERT(DATETIME, '2016-11-29 12:29:00', 120)),
	(170, 307, 347,  CONVERT(DATETIME, '2016-10-25 20:24:00', 120)),
	(171, 405, 1221, CONVERT(DATETIME, '2017-05-20 22:26:00', 120)),
	(172, 259, 89,   CONVERT(DATETIME, '2016-11-29 12:29:00', 120)),
	(173, 382, 407,  CONVERT(DATETIME, '2016-09-13 12:50:00', 120)),
	(174, 184, 28,   CONVERT(DATETIME, '2017-02-23 12:13:00', 120)),
	(175, 113, 209,  CONVERT(DATETIME, '2016-10-21 16:54:00', 120)),
	(176, 267, 307,  CONVERT(DATETIME, '2017-02-19 12:10:00', 120)),
	(177, 516, 1491, CONVERT(DATETIME, '2017-02-23 12:11:00', 120)),
	(178, 528, 1521, CONVERT(DATETIME, '2017-02-23 12:11:00', 120)),
	(179, 422, 1261, CONVERT(DATETIME, '2017-05-20 12:26:00', 120)),
	(180, 230, 68,   CONVERT(DATETIME, '2016-10-17 17:18:00', 120)),
	(181, 67, 176,   CONVERT(DATETIME, '2016-09-23 12:33:00', 120)),
	(182, 313, 353,  CONVERT(DATETIME, '2016-10-25 20:24:00', 120)),
	(183, 562, 1611, CONVERT(DATETIME, '2017-02-20 12:10:00', 120)),
	(184, 376, 400,  CONVERT(DATETIME, '2017-02-23 00:21:00', 120)),
	(185, 622, 1761, CONVERT(DATETIME, '2017-02-20 12:10:00', 120)),
	(186, 21, 122,   CONVERT(DATETIME, '2016-09-20 12:53:00', 120)),
	(187, 27, 133,   CONVERT(DATETIME, '2016-09-20 12:53:00', 120)),
	(188, 276, 316,  CONVERT(DATETIME, '2017-02-19 12:10:00', 120)),
	(189, 662, 1881, CONVERT(DATETIME, '2016-10-15 13:18:00', 120)),
	(190, 668, 1901, CONVERT(DATETIME, '2016-10-15 13:18:00', 120)),
	(191, 322, 359,  CONVERT(DATETIME, '2016-09-13 12:50:00', 120)),
	(192, 568, 1621, CONVERT(DATETIME, '2016-10-19 17:28:00', 120)),
	(193, 173, 14,   CONVERT(DATETIME, '2016-11-24 16:32:00', 120)),
	(194, 370, 397,  CONVERT(DATETIME, '2016-09-13 12:50:00', 120)),
	(195, 468, 1371, CONVERT(DATETIME, '2017-05-26 12:20:00', 120)),
	(196, 107, 201,  CONVERT(DATETIME, '2016-09-23 12:33:00', 120)),
	(197, 273, 313,  CONVERT(DATETIME, '2017-02-19 12:10:00', 120)),
	(198, 605, 1721, CONVERT(DATETIME, '2016-10-15 19:24:00', 120)),
	(199, 250, 83,   CONVERT(DATETIME, '2016-10-17 17:18:00', 120)),
	(200, 156, 1,    CONVERT(DATETIME, '2016-11-24 15:32:00', 120)),
	(201, 58, 169,   CONVERT(DATETIME, '2017-02-23 08:29:00', 120)),
	(202, 485, 1421, CONVERT(DATETIME, '2016-09-23 12:53:00', 120)),
	(203, 81, 186,   CONVERT(DATETIME, '2016-10-21 16:54:00', 120)),
	(204, 413, 1241, CONVERT(DATETIME, '2017-05-20 22:26:00', 120)),
	(205, 462, 1361, CONVERT(DATETIME, '2017-05-20 12:26:00', 120)),
	(206, 536, 1541, CONVERT(DATETIME, '2017-02-23 12:11:00', 120)),
	(207, 436, 1291, CONVERT(DATETIME, '2017-05-26 12:20:00', 120)),
	(208, 697, 1991, CONVERT(DATETIME, '2016-11-25 20:26:00', 120)),
	(209, 64, 172,   CONVERT(DATETIME, '2016-10-15 23:24:00', 120)),
	(210, 654, 1851, CONVERT(DATETIME, '2016-11-29 11:32:00', 120)),
	(211, 38, 150,   CONVERT(DATETIME, '2017-05-23 11:26:00', 120)),
	(212, 87, 189,   CONVERT(DATETIME, '2016-09-23 12:33:00', 120)),
	(213, 505, 1471, CONVERT(DATETIME, '2016-09-23 12:53:00', 120)),
	(214, 579, 1651, CONVERT(DATETIME, '2016-11-13 14:29:00', 120)),
	(215, 628, 1771, CONVERT(DATETIME, '2016-10-19 17:28:00', 120)),
	(216, 350, 381,  CONVERT(DATETIME, '2016-09-13 12:50:00', 120)),
	(217, 599, 1701, CONVERT(DATETIME, '2016-11-13 14:29:00', 120)),
	(218, 207, 48,   CONVERT(DATETIME, '2016-10-17 17:18:00', 120)),
	(219, 256, 86,   CONVERT(DATETIME, '2016-11-24 16:32:00', 120)),
	(220, 648, 1831, CONVERT(DATETIME, '2016-11-29 11:32:00', 120)),
	(221, 7, 100,    CONVERT(DATETIME, '2016-09-20 12:53:00', 120)),
	(222, 585, 1671, CONVERT(DATETIME, '2016-10-15 19:24:00', 120)),
	(223, 634, 1791, CONVERT(DATETIME, '2017-02-20 12:10:00', 120)),
	(224, 193, 40,   CONVERT(DATETIME, '2016-10-17 17:18:00', 120)),
	(225, 442, 1311, CONVERT(DATETIME, '2017-05-20 12:26:00', 120)),
	(226, 685, 1951, CONVERT(DATETIME, '2016-11-25 20:26:00', 120)),
	(227, 691, 1971, CONVERT(DATETIME, '2016-11-25 20:26:00', 120)),
	(228, 293, 331,  CONVERT(DATETIME, '2017-02-17 13:10:00', 120)),
	(229, 299, 337,  CONVERT(DATETIME, '2017-02-17 13:10:00', 120)),
	(230, 342, 375,  CONVERT(DATETIME, '2016-09-13 12:50:00', 120)),
	(231, 393, 417,  CONVERT(DATETIME, '2017-02-28 00:29:00', 120)),
	(232, 642, 1811, CONVERT(DATETIME, '2016-11-29 11:32:00', 120)),
	(233, 1, 96,     CONVERT(DATETIME, '2016-09-20 12:53:00', 120)),
	(234, 50, 162,   CONVERT(DATETIME, '2017-02-23 08:29:00', 120)),
	(235, 542, 1561, CONVERT(DATETIME, '2017-03-18 00:29:00', 120)),
	(236, 591, 1681, CONVERT(DATETIME, '2016-11-13 14:29:00', 120)),
	(237, 24, 126,   CONVERT(DATETIME, '2017-05-23 11:26:00', 120)),
	(238, 356, 384,  CONVERT(DATETIME, '2017-02-23 00:21:00', 120)),
	(239, 688, 1961, CONVERT(DATETIME, '2016-11-25 20:26:00', 120)),
	(240, 47, 92,    CONVERT(DATETIME, '2016-09-23 12:33:00', 120)),
	(241, 379, 404,  CONVERT(DATETIME, '2017-03-19 09:29:00', 120)),
	(242, 239, 74,   CONVERT(DATETIME, '2016-10-19 17:18:00', 120)),
	(243, 70, 179,   CONVERT(DATETIME, '2017-02-23 08:29:00', 120)),
	(244, 402, 1211, CONVERT(DATETIME, '2017-05-20 12:26:00', 120)),
	(245, 571, 1631, CONVERT(DATETIME, '2016-11-13 14:29:00', 120)),
	(246, 216, 56,   CONVERT(DATETIME, '2017-02-23 12:13:00', 120)),
	(247, 93, 196,   CONVERT(DATETIME, '2016-10-21 16:54:00', 120)),
	(248, 425, 1271, CONVERT(DATETIME, '2017-05-20 22:26:00', 120)),
	(249, 548, 1571, CONVERT(DATETIME, '2017-02-23 12:11:00', 120)),
	(250, 187, 32,   CONVERT(DATETIME, '2017-02-23 12:13:00', 120)),
	(251, 525, 1521, CONVERT(DATETIME, '2016-09-23 12:53:00', 120)),
	(252, 164, 5,    CONVERT(DATETIME, '2016-11-24 16:32:00', 120)),
	(253, 287, 325,  CONVERT(DATETIME, '2017-02-17 13:10:00', 120)),
	(254, 502, 1461, CONVERT(DATETIME, '2017-03-18 00:29:00', 120)),
	(255, 233, 68,   CONVERT(DATETIME, '2016-11-15 18:18:00', 120)),
	(256, 310, 350,  CONVERT(DATETIME, '2016-10-25 20:24:00', 120)),
	(257, 479, 1401, CONVERT(DATETIME, '2017-05-28 22:20:00', 120)),
	(258, 210, 48,   CONVERT(DATETIME, '2016-11-15 18:18:00', 120)),
	(259, 333, 368,  CONVERT(DATETIME, '2017-02-28 00:29:00', 120)),
	(260, 456, 1341, CONVERT(DATETIME, '2017-05-26 12:20:00', 120)),
	(261, 18, 115,   CONVERT(DATETIME, '2017-05-23 11:26:00', 120)),
	(262, 279, 319,  CONVERT(DATETIME, '2017-02-19 12:10:00', 120)),
	(263, 362, 390,  CONVERT(DATETIME, '2016-09-13 12:50:00', 120)),
	(264, 611, 1731, CONVERT(DATETIME, '2016-11-13 14:29:00', 120)),
	(265, 373, 400,  CONVERT(DATETIME, '2017-02-28 00:29:00', 120)),
	(266, 316, 356,  CONVERT(DATETIME, '2016-10-25 20:24:00', 120)),
	(267, 671, 1911, CONVERT(DATETIME, '2016-10-15 13:18:00', 120)),
	(268, 270, 310,  CONVERT(DATETIME, '2017-02-19 12:10:00', 120)),
	(269, 519, 1501, CONVERT(DATETIME, '2016-09-28 14:51:00', 120)),
	(270, 170, 11,   CONVERT(DATETIME, '2016-11-24 16:32:00', 120)),
	(271, 176, 16,   CONVERT(DATETIME, '2016-11-24 16:32:00', 120)),
	(272, 465, 1371, CONVERT(DATETIME, '2017-05-20 22:26:00', 120)),
	(273, 224, 62,   CONVERT(DATETIME, '2016-11-29 12:29:00', 120)),
	(274, 565, 1621, CONVERT(DATETIME, '2016-10-15 19:24:00', 120)),
	(275, 419, 1251, CONVERT(DATETIME, '2017-05-28 22:20:00', 120)),
	(276, 665, 1891, CONVERT(DATETIME, '2016-10-15 13:18:00', 120)),
	(277, 439, 1301, CONVERT(DATETIME, '2017-05-28 22:20:00', 120)),
	(278, 84, 186,   CONVERT(DATETIME, '2016-10-15 23:24:00', 120)),
	(279, 416, 1241, CONVERT(DATETIME, '2017-05-26 12:20:00', 120)),
	(280, 582, 1661, CONVERT(DATETIME, '2017-02-20 12:10:00', 120)),
	(281, 227, 65,   CONVERT(DATETIME, '2016-10-19 17:18:00', 120)),
	(282, 488, 1421, CONVERT(DATETIME, '2017-02-23 12:11:00', 120)),
	(283, 559, 1601, CONVERT(DATETIME, '2016-09-28 14:51:00', 120)),
	(284, 204, 44,   CONVERT(DATETIME, '2016-11-24 15:32:00', 120)),
	(285, 110, 205,  CONVERT(DATETIME, '2017-02-23 08:29:00', 120)),
	(286, 602, 1711, CONVERT(DATETIME, '2017-02-20 12:10:00', 120)),
	(287, 608, 1721, CONVERT(DATETIME, '2016-10-19 17:28:00', 120)),
	(288, 10, 104,   CONVERT(DATETIME, '2017-05-23 11:26:00', 120)),
	(289, 459, 1351, CONVERT(DATETIME, '2017-05-28 22:20:00', 120)),
	(290, 508, 1471, CONVERT(DATETIME, '2017-02-23 12:11:00', 120)),
	(291, 625, 1771, CONVERT(DATETIME, '2016-10-15 19:24:00', 120)),
	(292, 631, 1781, CONVERT(DATETIME, '2016-11-13 14:29:00', 120)),
	(293, 674, 1921, CONVERT(DATETIME, '2016-10-15 13:18:00', 120)),
	(294, 61, 172,   CONVERT(DATETIME, '2016-10-21 16:54:00', 120)),
	(295, 482, 1411, CONVERT(DATETIME, '2017-03-18 00:29:00', 120)),
	(296, 651, 1841, CONVERT(DATETIME, '2016-11-29 11:32:00', 120)),
	(297, 196, 40,   CONVERT(DATETIME, '2016-11-15 18:18:00', 120)),
	(298, 433, 1291, CONVERT(DATETIME, '2017-05-20 22:26:00', 120)),
	(299, 445, 1321, CONVERT(DATETIME, '2017-05-20 22:26:00', 120)),
	(300, 682, 1941, CONVERT(DATETIME, '2016-11-25 20:26:00', 120)),
	(301, 694, 1981, CONVERT(DATETIME, '2016-11-25 20:26:00', 120)),
	(302, 90, 193,   CONVERT(DATETIME, '2017-02-23 08:29:00', 120)),
	(303, 539, 1551, CONVERT(DATETIME, '2016-09-28 14:51:00', 120)),
	(304, 551, 1581, CONVERT(DATETIME, '2016-09-28 14:51:00', 120)),
	(305, 588, 1671, CONVERT(DATETIME, '2016-10-19 17:28:00', 120)),
	(306, 645, 1821, CONVERT(DATETIME, '2016-11-29 11:32:00', 120)),
	(307, 253, 83,   CONVERT(DATETIME, '2016-11-15 18:18:00', 120)),
	(308, 290, 328,  CONVERT(DATETIME, '2017-02-17 13:10:00', 120)),
	(309, 339, 371,  CONVERT(DATETIME, '2017-03-19 09:29:00', 120)),
	(310, 496, 1441, CONVERT(DATETIME, '2017-02-23 12:11:00', 120)),
	(311, 396, 417,  CONVERT(DATETIME, '2017-02-23 00:21:00', 120)),
	(312, 247, 80,   CONVERT(DATETIME, '2016-10-19 17:18:00', 120)),
	(313, 296, 334,  CONVERT(DATETIME, '2017-02-17 13:10:00', 120)),
	(314, 119, 213,  CONVERT(DATETIME, '2016-09-23 12:33:00', 120)),
	(315, 451, 1331, CONVERT(DATETIME, '2017-05-28 22:20:00', 120)),
	(316, 96, 196,   CONVERT(DATETIME, '2016-10-15 23:24:00', 120)),
	(317, 428, 1271, CONVERT(DATETIME, '2017-05-26 12:20:00', 120)),
	(318, 165, 7,    CONVERT(DATETIME, '2016-11-24 15:32:00', 120)),
	(319, 497, 1451, CONVERT(DATETIME, '2016-09-23 12:53:00', 120)),
	(320, 474, 1391, CONVERT(DATETIME, '2017-05-20 12:26:00', 120)),
	(321, 211, 52,   CONVERT(DATETIME, '2016-10-17 17:18:00', 120)),
	(322, 282, 322,  CONVERT(DATETIME, '2017-02-19 12:10:00', 120)),
	(323, 288, 328,  CONVERT(DATETIME, '2017-02-19 12:10:00', 120)),
	(324, 188, 32,   CONVERT(DATETIME, '2016-11-24 16:32:00', 120)),
	(325, 305, 344,  CONVERT(DATETIME, '2017-02-17 13:10:00', 120)),
	(326, 311, 350,  CONVERT(DATETIME, '2017-02-17 13:10:00', 120)),
	(327, 334, 368,  CONVERT(DATETIME, '2016-09-13 12:50:00', 120)),
	(328, 503, 1461, CONVERT(DATETIME, '2016-09-28 14:51:00', 120)),
	(329, 234, 71,   CONVERT(DATETIME, '2016-10-17 17:18:00', 120)),
	(330, 357, 387,  CONVERT(DATETIME, '2017-02-28 00:29:00', 120)),
	(331, 480, 1401, CONVERT(DATETIME, '2017-05-26 12:20:00', 120)),
	(332, 374, 400,  CONVERT(DATETIME, '2016-09-13 12:50:00', 120)),
	(333, 457, 1351, CONVERT(DATETIME, '2017-05-20 22:26:00', 120)),
	(334, 219, 59,   CONVERT(DATETIME, '2016-10-19 17:18:00', 120)),
	(335, 65, 176,   CONVERT(DATETIME, '2016-10-21 16:54:00', 120)),
	(336, 328, 362,  CONVERT(DATETIME, '2017-02-23 00:21:00', 120)),
	(337, 411, 1231, CONVERT(DATETIME, '2017-05-28 22:20:00', 120)),
	(338, 574, 1641, CONVERT(DATETIME, '2017-02-20 12:10:00', 120)),
	(339, 660, 1871, CONVERT(DATETIME, '2016-11-29 11:32:00', 120)),
	(340, 19, 118,   CONVERT(DATETIME, '2016-09-20 12:53:00', 120)),
	(341, 265, 304,  CONVERT(DATETIME, '2016-10-25 20:24:00', 120)),
	(342, 365, 393,  CONVERT(DATETIME, '2017-02-28 00:29:00', 120)),
	(343, 614, 1741, CONVERT(DATETIME, '2017-02-20 12:10:00', 120)),
	(344, 620, 1751, CONVERT(DATETIME, '2016-10-19 17:28:00', 120)),
	(345, 317, 356,  CONVERT(DATETIME, '2017-02-17 13:10:00', 120)),
	(346, 514, 1491, CONVERT(DATETIME, '2017-03-18 00:29:00', 120)),
	(347, 520, 1501, CONVERT(DATETIME, '2017-02-23 12:11:00', 120)),
	(348, 171, 14,   CONVERT(DATETIME, '2016-11-24 15:32:00', 120)),
	(349, 73, 183,   CONVERT(DATETIME, '2016-10-21 16:54:00', 120)),
	(350, 420, 1251, CONVERT(DATETIME, '2017-05-26 12:20:00', 120)),
	(351, 666, 1891, CONVERT(DATETIME, '2016-11-29 11:32:00', 120)),
	(352, 25, 130,   CONVERT(DATETIME, '2016-09-20 12:53:00', 120)),
	(353, 271, 310,  CONVERT(DATETIME, '2016-10-25 20:24:00', 120)),
	(354, 566, 1621, CONVERT(DATETIME, '2017-02-20 12:10:00', 120)),
	(355, 36, 146,   CONVERT(DATETIME, '2017-05-23 11:26:00', 120)),
	(356, 368, 393,  CONVERT(DATETIME, '2017-02-23 00:21:00', 120)),
	(357, 534, 1541, CONVERT(DATETIME, '2017-03-18 00:29:00', 120)),
	(358, 391, 413,  CONVERT(DATETIME, '2017-03-19 09:29:00', 120)),
	(359, 440, 1301, CONVERT(DATETIME, '2017-05-26 12:20:00', 120)),
	(360, 583, 1661, CONVERT(DATETIME, '2016-11-13 14:29:00', 120)),
	(361, 179, 20,   CONVERT(DATETIME, '2016-11-24 16:32:00', 120)),
	(362, 228, 65,   CONVERT(DATETIME, '2016-11-29 12:29:00', 120)),
	(363, 105, 201,  CONVERT(DATETIME, '2016-10-21 16:54:00', 120)),
	(364, 511, 1481, CONVERT(DATETIME, '2016-09-28 14:51:00', 120)),
	(365, 560, 1601, CONVERT(DATETIME, '2017-02-23 12:11:00', 120)),
	(366, 205, 44,   CONVERT(DATETIME, '2017-02-23 12:13:00', 120)),
	(367, 460, 1351, CONVERT(DATETIME, '2017-05-26 12:20:00', 120)),
	(368, 626, 1771, CONVERT(DATETIME, '2017-02-20 12:10:00', 120)),
	(369, 483, 1411, CONVERT(DATETIME, '2016-09-28 14:51:00', 120)),
	(370, 85, 189,   CONVERT(DATETIME, '2016-10-21 16:54:00', 120)),
	(371, 577, 1651, CONVERT(DATETIME, '2016-10-15 19:24:00', 120)),
	(372, 13, 108,   CONVERT(DATETIME, '2016-09-20 12:53:00', 120)),
	(373, 62, 172,   CONVERT(DATETIME, '2017-02-23 08:29:00', 120)),
	(374, 554, 1591, CONVERT(DATETIME, '2017-03-18 00:29:00', 120)),
	(375, 603, 1711, CONVERT(DATETIME, '2016-11-13 14:29:00', 120)),
	(376, 677, 1931, CONVERT(DATETIME, '2016-10-15 13:18:00', 120)),
	(377, 291, 331,  CONVERT(DATETIME, '2017-02-19 12:10:00', 120)),
	(378, 540, 1551, CONVERT(DATETIME, '2017-02-23 12:11:00', 120)),
	(379, 385, 410,  CONVERT(DATETIME, '2017-02-28 00:29:00', 120)),
	(380, 434, 1291, CONVERT(DATETIME, '2017-05-20 12:26:00', 120)),
	(381, 242, 77,   CONVERT(DATETIME, '2016-10-17 17:18:00', 120)),
	(382, 254, 86,   CONVERT(DATETIME, '2016-11-24 15:32:00', 120)),
	(383, 56, 165,   CONVERT(DATETIME, '2016-10-15 23:24:00', 120)),
	(384, 597, 1701, CONVERT(DATETIME, '2016-10-15 19:24:00', 120)),
	(385, 646, 1821, CONVERT(DATETIME, '2016-11-25 20:26:00', 120)),
	(386, 683, 1951, CONVERT(DATETIME, '2016-10-15 13:18:00', 120)),
	(387, 448, 1321, CONVERT(DATETIME, '2017-05-26 12:20:00', 120)),
	(388, 348, 378,  CONVERT(DATETIME, '2017-02-23 00:21:00', 120)),
	(389, 248, 80,   CONVERT(DATETIME, '2016-11-29 12:29:00', 120)),
	(390, 491, 1431, CONVERT(DATETIME, '2016-09-28 14:51:00', 120)),
	(391, 640, 1801, CONVERT(DATETIME, '2016-10-19 17:28:00', 120)),
	(392, 689, 1971, CONVERT(DATETIME, '2016-10-15 13:18:00', 120)),
	(393, 285, 325,  CONVERT(DATETIME, '2017-02-19 12:10:00', 120)),
	(394, 546, 1571, CONVERT(DATETIME, '2017-03-18 00:29:00', 120)),
	(395, 617, 1751, CONVERT(DATETIME, '2016-10-15 19:24:00', 120)),
	(396, 262, 301,  CONVERT(DATETIME, '2016-10-25 20:24:00', 120)),
	(397, 594, 1691, CONVERT(DATETIME, '2017-02-20 12:10:00', 120)),
	(398, 168, 11,   CONVERT(DATETIME, '2016-11-24 15:32:00', 120)),
	(399, 500, 1451, CONVERT(DATETIME, '2017-02-23 12:11:00', 120)),
	(400, 191, 36,   CONVERT(DATETIME, '2016-11-29 12:29:00', 120)),
	(401, 523, 1511, CONVERT(DATETIME, '2016-09-28 14:51:00', 120)),
	(402, 116, 209,  CONVERT(DATETIME, '2016-10-15 23:24:00', 120)),
	(403, 377, 404,  CONVERT(DATETIME, '2017-02-28 00:29:00', 120)),
	(404, 454, 1341, CONVERT(DATETIME, '2017-05-20 12:26:00', 120)),
	(405, 354, 384,  CONVERT(DATETIME, '2016-09-13 12:50:00', 120)),
	(406, 477, 1401, CONVERT(DATETIME, '2017-05-20 22:26:00', 120)),
	(407, 162, 5,    CONVERT(DATETIME, '2016-11-24 15:32:00', 120)),
	(408, 331, 365,  CONVERT(DATETIME, '2017-03-19 09:29:00', 120)),
	(409, 408, 1221, CONVERT(DATETIME, '2017-05-26 12:20:00', 120)),
	(410, 185, 28,   CONVERT(DATETIME, '2016-11-24 16:32:00', 120)),
	(411, 308, 347,  CONVERT(DATETIME, '2017-02-17 13:10:00', 120)),
	(412, 431, 1281, CONVERT(DATETIME, '2017-05-28 22:20:00', 120)),
	(413, 623, 1761, CONVERT(DATETIME, '2016-11-13 14:29:00', 120)),
	(414, 231, 68,   CONVERT(DATETIME, '2016-10-19 17:18:00', 120)),
	(415, 268, 307,  CONVERT(DATETIME, '2016-10-25 20:24:00', 120)),
	(416, 563, 1611, CONVERT(DATETIME, '2016-11-13 14:29:00', 120)),
	(417, 325, 362,  CONVERT(DATETIME, '2017-02-28 00:29:00', 120)),
	(418, 657, 1861, CONVERT(DATETIME, '2016-11-29 11:32:00', 120)),
	(419, 669, 1901, CONVERT(DATETIME, '2016-11-29 11:32:00', 120)),
	(420, 314, 353,  CONVERT(DATETIME, '2017-02-17 13:10:00', 120)),
	(421, 371, 397,  CONVERT(DATETIME, '2017-03-19 09:29:00', 120)),
	(422, 22, 122,   CONVERT(DATETIME, '2017-05-23 11:26:00', 120)),
	(423, 471, 1381, CONVERT(DATETIME, '2017-05-28 22:20:00', 120)),
	(424, 76, 183,   CONVERT(DATETIME, '2016-10-15 23:24:00', 120)),
	(425, 417, 1251, CONVERT(DATETIME, '2017-05-20 22:26:00', 120)),
	(426, 663, 1881, CONVERT(DATETIME, '2016-11-29 11:32:00', 120)),
	(427, 222, 62,   CONVERT(DATETIME, '2016-10-17 17:18:00', 120)),
	(428, 517, 1501, CONVERT(DATETIME, '2016-09-23 12:53:00', 120)),
	(429, 463, 1361, CONVERT(DATETIME, '2017-05-28 22:20:00', 120)),
	(430, 629, 1781, CONVERT(DATETIME, '2016-10-15 19:24:00', 120)),
	(431, 700, 2001, CONVERT(DATETIME, '2016-11-25 20:26:00', 120)),
	(432, 225, 62,   CONVERT(DATETIME, '2016-11-15 18:18:00', 120)),
	(433, 59, 169,   CONVERT(DATETIME, '2016-09-23 12:33:00', 120)),
	(434, 108, 201,  CONVERT(DATETIME, '2016-10-15 23:24:00', 120)),
	(435, 274, 313,  CONVERT(DATETIME, '2016-10-25 20:24:00', 120)),
	(436, 557, 1601, CONVERT(DATETIME, '2016-09-23 12:53:00', 120)),
	(437, 606, 1721, CONVERT(DATETIME, '2017-02-20 12:10:00', 120)),
	(438, 251, 83,   CONVERT(DATETIME, '2016-10-19 17:18:00', 120)),
	(439, 82, 186,   CONVERT(DATETIME, '2017-02-23 08:29:00', 120)),
	(440, 414, 1241, CONVERT(DATETIME, '2017-05-20 12:26:00', 120)),
	(441, 437, 1301, CONVERT(DATETIME, '2017-05-20 22:26:00', 120)),
	(442, 33, 142,   CONVERT(DATETIME, '2016-09-20 12:53:00', 120)),
	(443, 531, 1531, CONVERT(DATETIME, '2016-09-28 14:51:00', 120)),
	(444, 182, 24,   CONVERT(DATETIME, '2016-11-24 16:32:00', 120)),
	(445, 16, 111,   CONVERT(DATETIME, '2017-05-23 11:26:00', 120)),
	(446, 649, 1831, CONVERT(DATETIME, '2016-11-25 20:26:00', 120)),
	(447, 680, 1941, CONVERT(DATETIME, '2016-10-15 13:18:00', 120)),
	(448, 159, 3,    CONVERT(DATETIME, '2016-11-24 15:32:00', 120)),
	(449, 88, 189,   CONVERT(DATETIME, '2016-10-15 23:24:00', 120)),
	(450, 580, 1651, CONVERT(DATETIME, '2016-10-19 17:28:00', 120)),
	(451, 208, 48,   CONVERT(DATETIME, '2016-10-19 17:18:00', 120)),
	(452, 53, 165,   CONVERT(DATETIME, '2016-10-21 16:54:00', 120)),
	(453, 600, 1701, CONVERT(DATETIME, '2016-10-19 17:28:00', 120)),
	(454, 337, 371,  CONVERT(DATETIME, '2017-02-28 00:29:00', 120)),
	(455, 586, 1671, CONVERT(DATETIME, '2017-02-20 12:10:00', 120)),
	(456, 302, 340,  CONVERT(DATETIME, '2017-02-17 13:10:00', 120)),
	(457, 351, 381,  CONVERT(DATETIME, '2017-03-19 09:29:00', 120)),
	(458, 388, 410,  CONVERT(DATETIME, '2017-02-23 00:21:00', 120)),
	(459, 45, 92,    CONVERT(DATETIME, '2016-10-21 16:54:00', 120)),
	(460, 294, 334,  CONVERT(DATETIME, '2017-02-19 12:10:00', 120)),
	(461, 537, 1551, CONVERT(DATETIME, '2016-09-23 12:53:00', 120)),
	(462, 543, 1561, CONVERT(DATETIME, '2016-09-28 14:51:00', 120)),
	(463, 637, 1801, CONVERT(DATETIME, '2016-10-15 19:24:00', 120)),
	(464, 643, 1811, CONVERT(DATETIME, '2016-11-25 20:26:00', 120)),
	(465, 686, 1961, CONVERT(DATETIME, '2016-10-15 13:18:00', 120)),
	(466, 245, 77,   CONVERT(DATETIME, '2016-11-15 18:18:00', 120)),
	(467, 2, 96,     CONVERT(DATETIME, '2017-05-23 11:26:00', 120)),
	(468, 494, 1441, CONVERT(DATETIME, '2017-03-18 00:29:00', 120)),
	(469, 345, 378,  CONVERT(DATETIME, '2017-02-28 00:29:00', 120)),
	(470, 394, 417,  CONVERT(DATETIME, '2016-09-13 12:50:00', 120)),
	(471, 48, 92,    CONVERT(DATETIME, '2016-10-15 23:24:00', 120)),
	(472, 309, 350,  CONVERT(DATETIME, '2017-02-19 12:10:00', 120)),
	(473, 380, 404,  CONVERT(DATETIME, '2017-02-23 00:21:00', 120)),
	(474, 641, 1811, CONVERT(DATETIME, '2016-10-15 13:18:00', 120)),
	(475, 71, 179,   CONVERT(DATETIME, '2016-09-23 12:33:00', 120)),
	(476, 286, 325,  CONVERT(DATETIME, '2016-10-25 20:24:00', 120)),
	(477, 403, 1211, CONVERT(DATETIME, '2017-05-28 22:20:00', 120)),
	(478, 618, 1751, CONVERT(DATETIME, '2017-02-20 12:10:00', 120)),
	(479, 94, 196,   CONVERT(DATETIME, '2017-02-23 08:29:00', 120)),
	(480, 263, 301,  CONVERT(DATETIME, '2017-02-17 13:10:00', 120)),
	(481, 426, 1271, CONVERT(DATETIME, '2017-05-20 12:26:00', 120)),
	(482, 595, 1691, CONVERT(DATETIME, '2016-11-13 14:29:00', 120)),
	(483, 240, 74,   CONVERT(DATETIME, '2016-11-29 12:29:00', 120)),
	(484, 117, 213,  CONVERT(DATETIME, '2016-10-21 16:54:00', 120)),
	(485, 449, 1331, CONVERT(DATETIME, '2017-05-20 22:26:00', 120)),
	(486, 572, 1631, CONVERT(DATETIME, '2016-10-19 17:28:00', 120)),
	(487, 478, 1401, CONVERT(DATETIME, '2017-05-20 12:26:00', 120)),
	(488, 549, 1581, CONVERT(DATETIME, '2016-09-23 12:53:00', 120)),
	(489, 163, 5,    CONVERT(DATETIME, '2017-02-23 12:13:00', 120)),
	(490, 526, 1521, CONVERT(DATETIME, '2017-03-18 00:29:00', 120)),
	(491, 186, 32,   CONVERT(DATETIME, '2016-11-24 15:32:00', 120)),
	(492, 257, 89,   CONVERT(DATETIME, '2016-10-17 17:18:00', 120)),
	(493, 432, 1281, CONVERT(DATETIME, '2017-05-26 12:20:00', 120)),
	(494, 332, 365,  CONVERT(DATETIME, '2017-02-23 00:21:00', 120)),
	(495, 455, 1341, CONVERT(DATETIME, '2017-05-28 22:20:00', 120)),
	(496, 280, 319,  CONVERT(DATETIME, '2016-10-25 20:24:00', 120)),
	(497, 409, 1231, CONVERT(DATETIME, '2017-05-20 22:26:00', 120)),
	(498, 612, 1731, CONVERT(DATETIME, '2016-10-19 17:28:00', 120)),
	(499, 624, 1761, CONVERT(DATETIME, '2016-10-19 17:28:00', 120)),
	(500, 17, 115,   CONVERT(DATETIME, '2016-09-20 12:53:00', 120)),
	(501, 672, 1911, CONVERT(DATETIME, '2016-11-29 11:32:00', 120)),
	(502, 31, 137,   CONVERT(DATETIME, '2016-09-20 12:53:00', 120)),
	(503, 326, 362,  CONVERT(DATETIME, '2016-09-13 12:50:00', 120)),
	(504, 363, 390,  CONVERT(DATETIME, '2017-03-19 09:29:00', 120)),
	(505, 658, 1861, CONVERT(DATETIME, '2016-11-25 20:26:00', 120)),
	(506, 217, 56,   CONVERT(DATETIME, '2016-11-24 16:32:00', 120)),
	(507, 223, 62,   CONVERT(DATETIME, '2016-10-19 17:18:00', 120)),
	(508, 466, 1371, CONVERT(DATETIME, '2017-05-20 12:26:00', 120)),
	(509, 472, 1381, CONVERT(DATETIME, '2017-05-26 12:20:00', 120)),
	(510, 372, 397,  CONVERT(DATETIME, '2017-02-23 00:21:00', 120)),
	(511, 269, 307,  CONVERT(DATETIME, '2017-02-17 13:10:00', 120)),
	(512, 518, 1501, CONVERT(DATETIME, '2017-03-18 00:29:00', 120)),
	(513, 664, 1881, CONVERT(DATETIME, '2016-11-25 20:26:00', 120)),
	(514, 226, 65,   CONVERT(DATETIME, '2016-10-17 17:18:00', 120)),
	(515, 60, 169,   CONVERT(DATETIME, '2016-10-15 23:24:00', 120)),
	(516, 297, 337,  CONVERT(DATETIME, '2017-02-19 12:10:00', 120)),
	(517, 558, 1601, CONVERT(DATETIME, '2017-03-18 00:29:00', 120)),
	(518, 83, 186,   CONVERT(DATETIME, '2016-09-23 12:33:00', 120)),
	(519, 415, 1241, CONVERT(DATETIME, '2017-05-28 22:20:00', 120)),
	(520, 581, 1661, CONVERT(DATETIME, '2016-10-15 19:24:00', 120)),
	(521, 177, 20,   CONVERT(DATETIME, '2016-11-24 15:32:00', 120)),
	(522, 509, 1481, CONVERT(DATETIME, '2016-09-23 12:53:00', 120)),
	(523, 632, 1781, CONVERT(DATETIME, '2016-10-19 17:28:00', 120)),
	(524, 34, 142,   CONVERT(DATETIME, '2017-05-23 11:26:00', 120)),
	(525, 532, 1531, CONVERT(DATETIME, '2017-02-23 12:11:00', 120)),
	(526, 183, 28,   CONVERT(DATETIME, '2016-11-24 15:32:00', 120)),
	(527, 601, 1711, CONVERT(DATETIME, '2016-10-15 19:24:00', 120)),
	(528, 675, 1921, CONVERT(DATETIME, '2016-11-29 11:32:00', 120)),
	(529, 160, 3,    CONVERT(DATETIME, '2017-02-23 12:13:00', 120)),
	(530, 111, 205,  CONVERT(DATETIME, '2016-09-23 12:33:00', 120)),
	(531, 652, 1841, CONVERT(DATETIME, '2016-11-25 20:26:00', 120)),
	(532, 54, 165,   CONVERT(DATETIME, '2017-02-23 08:29:00', 120)),
	(533, 303, 344,  CONVERT(DATETIME, '2017-02-19 12:10:00', 120)),
	(534, 552, 1581, CONVERT(DATETIME, '2017-02-23 12:11:00', 120)),
	(535, 446, 1321, CONVERT(DATETIME, '2017-05-20 12:26:00', 120)),
	(536, 91, 193,   CONVERT(DATETIME, '2016-09-23 12:33:00', 120)),
	(537, 340, 371,  CONVERT(DATETIME, '2017-02-23 00:21:00', 120)),
	(538, 352, 381,  CONVERT(DATETIME, '2017-02-23 00:21:00', 120)),
	(539, 681, 1941, CONVERT(DATETIME, '2016-11-29 11:32:00', 120)),
	(540, 289, 328,  CONVERT(DATETIME, '2016-10-25 20:24:00', 120)),
	(541, 695, 1991, CONVERT(DATETIME, '2016-10-15 13:18:00', 120)),
	(542, 389, 413,  CONVERT(DATETIME, '2017-02-28 00:29:00', 120)),
	(543, 395, 417,  CONVERT(DATETIME, '2017-03-19 09:29:00', 120)),
	(544, 638, 1801, CONVERT(DATETIME, '2017-02-20 12:10:00', 120)),
	(545, 644, 1821, CONVERT(DATETIME, '2016-10-15 13:18:00', 120)),
	(546, 489, 1431, CONVERT(DATETIME, '2016-09-23 12:53:00', 120)),
	(547, 495, 1441, CONVERT(DATETIME, '2016-09-28 14:51:00', 120)),
	(548, 538, 1551, CONVERT(DATETIME, '2017-03-18 00:29:00', 120)),
	(549, 346, 378,  CONVERT(DATETIME, '2016-09-13 12:50:00', 120)),
	(550, 589, 1681, CONVERT(DATETIME, '2016-10-15 19:24:00', 120)),
	(551, 246, 80,   CONVERT(DATETIME, '2016-10-17 17:18:00', 120)),
	(552, 214, 52,   CONVERT(DATETIME, '2016-11-15 18:18:00', 120)),
	(553, 475, 1391, CONVERT(DATETIME, '2017-05-28 22:20:00', 120)),
	(554, 237, 71,   CONVERT(DATETIME, '2016-11-15 18:18:00', 120)),
	(555, 120, 213,  CONVERT(DATETIME, '2016-10-15 23:24:00', 120)),
	(556, 452, 1331, CONVERT(DATETIME, '2017-05-26 12:20:00', 120)),
	(557, 569, 1631, CONVERT(DATETIME, '2016-10-15 19:24:00', 120)),
	(558, 166, 7,    CONVERT(DATETIME, '2017-02-23 12:13:00', 120)),
	(559, 498, 1451, CONVERT(DATETIME, '2017-03-18 00:29:00', 120)),
	(560, 306, 347,  CONVERT(DATETIME, '2017-02-19 12:10:00', 120)),
	(561, 312, 353,  CONVERT(DATETIME, '2017-02-19 12:10:00', 120)),
	(562, 383, 407,  CONVERT(DATETIME, '2017-03-19 09:29:00', 120)),
	(563, 329, 365,  CONVERT(DATETIME, '2017-02-28 00:29:00', 120)),
	(564, 360, 387,  CONVERT(DATETIME, '2017-02-23 00:21:00', 120)),
	(565, 260, 89,   CONVERT(DATETIME, '2016-11-15 18:18:00', 120)),
	(566, 429, 1281, CONVERT(DATETIME, '2017-05-20 22:26:00', 120)),
	(567, 283, 322,  CONVERT(DATETIME, '2016-10-25 20:24:00', 120)),
	(568, 406, 1221, CONVERT(DATETIME, '2017-05-20 12:26:00', 120)),
	(569, 220, 59,   CONVERT(DATETIME, '2016-11-29 12:29:00', 120)),
	(570, 469, 1381, CONVERT(DATETIME, '2017-05-20 22:26:00', 120)),
	(571, 114, 209,  CONVERT(DATETIME, '2017-02-23 08:29:00', 120)),
	(572, 575, 1641, CONVERT(DATETIME, '2016-11-13 14:29:00', 120)),
	(573, 20, 118,   CONVERT(DATETIME, '2017-05-23 11:26:00', 120)),
	(574, 266, 304,  CONVERT(DATETIME, '2017-02-17 13:10:00', 120)),
	(575, 423, 1261, CONVERT(DATETIME, '2017-05-28 22:20:00', 120)),
	(576, 68, 176,   CONVERT(DATETIME, '2016-10-15 23:24:00', 120)),
	(577, 277, 316,  CONVERT(DATETIME, '2016-10-25 20:24:00', 120)),
	(578, 412, 1231, CONVERT(DATETIME, '2017-05-26 12:20:00', 120)),
	(579, 609, 1731, CONVERT(DATETIME, '2016-10-15 19:24:00', 120)),
	(580, 621, 1761, CONVERT(DATETIME, '2016-10-15 19:24:00', 120)),
	(581, 561, 1611, CONVERT(DATETIME, '2016-10-15 19:24:00', 120)),
	(582, 28, 133,   CONVERT(DATETIME, '2017-05-23 11:26:00', 120)),
	(583, 323, 359,  CONVERT(DATETIME, '2017-03-19 09:29:00', 120)),
	(584, 366, 393,  CONVERT(DATETIME, '2016-09-13 12:50:00', 120)),
	(585, 661, 1871, CONVERT(DATETIME, '2016-11-25 20:26:00', 120)),
	(586, 174, 16,   CONVERT(DATETIME, '2016-11-24 15:32:00', 120)),
	(587, 515, 1491, CONVERT(DATETIME, '2016-09-28 14:51:00', 120)),
	(588, 74, 183,   CONVERT(DATETIME, '2017-02-23 08:29:00', 120)),
	(589, 369, 397,  CONVERT(DATETIME, '2017-02-28 00:29:00', 120)),
	(590, 615, 1741, CONVERT(DATETIME, '2016-11-13 14:29:00', 120)),
	(591, 392, 413,  CONVERT(DATETIME, '2017-02-23 00:21:00', 120)),
	(592, 249, 80,   CONVERT(DATETIME, '2016-11-15 18:18:00', 120)),
	(593, 180, 24,   CONVERT(DATETIME, '2016-11-24 15:32:00', 120)),
	(594, 512, 1481, CONVERT(DATETIME, '2017-02-23 12:11:00', 120)),
	(595, 486, 1421, CONVERT(DATETIME, '2017-03-18 00:29:00', 120)),
	(596, 535, 1541, CONVERT(DATETIME, '2016-09-28 14:51:00', 120)),
	(597, 57, 169,   CONVERT(DATETIME, '2016-10-21 16:54:00', 120)),
	(598, 555, 1591, CONVERT(DATETIME, '2016-09-28 14:51:00', 120)),
	(599, 157, 1,    CONVERT(DATETIME, '2017-02-23 12:13:00', 120)),
	(600, 206, 44,   CONVERT(DATETIME, '2016-11-24 16:32:00', 120)),
	(601, 655, 1851, CONVERT(DATETIME, '2016-11-25 20:26:00', 120)),
	(602, 698, 2001, CONVERT(DATETIME, '2016-10-15 13:18:00', 120)),
	(603, 14, 108,   CONVERT(DATETIME, '2017-05-23 11:26:00', 120)),
	(604, 506, 1471, CONVERT(DATETIME, '2017-03-18 00:29:00', 120)),
	(605, 678, 1931, CONVERT(DATETIME, '2016-11-29 11:32:00', 120)),
	(606, 37, 150,   CONVERT(DATETIME, '2016-09-20 12:53:00', 120)),
	(607, 529, 1531, CONVERT(DATETIME, '2016-09-23 12:53:00', 120)),
	(608, 578, 1651, CONVERT(DATETIME, '2017-02-20 12:10:00', 120)),
	(609, 386, 410,  CONVERT(DATETIME, '2016-09-13 12:50:00', 120)),
	(610, 635, 1791, CONVERT(DATETIME, '2016-11-13 14:29:00', 120)),
	(611, 243, 77,   CONVERT(DATETIME, '2016-10-19 17:18:00', 120)),
	(612, 8, 100,    CONVERT(DATETIME, '2017-05-23 11:26:00', 120)),
	(613, 349, 381,  CONVERT(DATETIME, '2017-02-28 00:29:00', 120)),
	(614, 435, 1291, CONVERT(DATETIME, '2017-05-28 22:20:00', 120)),
	(615, 598, 1701, CONVERT(DATETIME, '2017-02-20 12:10:00', 120)),
	(616, 684, 1951, CONVERT(DATETIME, '2016-11-29 11:32:00', 120)),
	(617, 51, 162,   CONVERT(DATETIME, '2016-09-23 12:33:00', 120)),
	(618, 300, 340,  CONVERT(DATETIME, '2017-02-19 12:10:00', 120)),
	(619, 194, 40,   CONVERT(DATETIME, '2016-10-19 17:18:00', 120)),
	(620, 692, 1981, CONVERT(DATETIME, '2016-10-15 13:18:00', 120)),
	(621, 343, 375,  CONVERT(DATETIME, '2017-03-19 09:29:00', 120)),
	(622, 592, 1681, CONVERT(DATETIME, '2016-10-19 17:28:00', 120)),
	(623, 443, 1311, CONVERT(DATETIME, '2017-05-28 22:20:00', 120)),
	(624, 492, 1431, CONVERT(DATETIME, '2017-02-23 12:11:00', 120)),
	(625, 541, 1561, CONVERT(DATETIME, '2016-09-23 12:53:00', 120)),
	(626, 9, 105, CONVERT(DATETIME, '2016-09-20 12:53:00.000', 120)),
	(627, 9, 106, CONVERT(DATETIME, '2016-09-20 12:53:00.000', 120)),
	(628, 10, 105, CONVERT(DATETIME, '2017-05-23 11:26:00.000', 120)),
	(629, 10, 106, CONVERT(DATETIME, '2017-05-23 11:26:00.000', 120)),
	(630, 21, 123, CONVERT(DATETIME, '2016-09-20 12:53:00.000', 120)),
	(631, 23, 128, CONVERT(DATETIME, '2016-09-20 12:53:00.000', 120)),
	(632, 45, 93, CONVERT(DATETIME, '2016-10-21 16:54:00.000', 120)),
	(633, 45, 94, CONVERT(DATETIME, '2016-10-21 16:54:00.000', 120)),
	(634, 45, 95, CONVERT(DATETIME, '2016-10-21 16:54:00.000', 120)),
	(635, 86, 190, CONVERT(DATETIME, '2017-02-23 08:29:00.000', 120)),
	(636, 93, 199, CONVERT(DATETIME, '2016-10-21 16:54:00.000', 120));
SET IDENTITY_INSERT [dbo].[tblUserAnswer] OFF


SET IDENTITY_INSERT tblUserTextAnswer ON;
INSERT INTO [dbo].[tblUserTextAnswer] ([Id], [QuizPassQuestionId] ,[AnswerTime] ,[AnswerText])
     VALUES
	(1,  3,   CONVERT(DATETIME, '2016-09-20 12:53:00', 120), 'Exception & exception'),
	(3,  4,   CONVERT(DATETIME, '2016-09-20 12:53:00', 120), 'Execute code anyway'),
	(5,  5,   CONVERT(DATETIME, '2016-09-20 12:53:00', 120), 'Common language runtime'),
	(7,  6,   CONVERT(DATETIME, '2016-09-20 12:53:00', 120), 'Keys'),
	(9,  11,  CONVERT(DATETIME, '2016-09-20 12:53:00', 120), 'Abstract stuff'),
	(11, 12,  CONVERT(DATETIME, '2016-10-21 16:54:00', 120), 'Java sucks'),
	(15, 29,  CONVERT(DATETIME, '2016-10-21 16:54:00', 120), 'They are immutable'),
	(19, 30,  CONVERT(DATETIME, '2016-10-21 16:54:00', 120), 'Multiple of threads'),
	(23, 39,  CONVERT(DATETIME, '2016-10-21 16:54:00', 120), 'new()'),
	(27, 40,  CONVERT(DATETIME, '2016-11-24 15:32:00', 120), 'Intermediate language'),
	(30, 41,  CONVERT(DATETIME, '2016-11-24 15:32:00', 120), 'Nope!'),
	(33, 42,  CONVERT(DATETIME, '2016-11-24 15:32:00', 120), 'It has all approved types'),
	(36, 43,  CONVERT(DATETIME, '2016-11-24 15:32:00', 120), 'Different work algorithm'),
	(39, 44,  CONVERT(DATETIME, '2016-11-24 15:32:00', 120), 'Namespace inside assembly'),
	(62, 77,  CONVERT(DATETIME, '2016-11-24 15:32:00', 120), 'Event fires when something happens'),
	(42, 78,  CONVERT(DATETIME, '2016-10-17 17:18:00', 120), 'Wat?!'),
	(46, 79,  CONVERT(DATETIME, '2016-10-17 17:18:00', 120), 'String is string logic, sb is build logic'),
	(50, 80,  CONVERT(DATETIME, '2016-10-17 17:18:00', 120), 'No difference'),
	(54, 97,  CONVERT(DATETIME, '2016-10-17 17:18:00', 120), 'Delivered inherites from base'),
	(58, 98,  CONVERT(DATETIME, '2016-10-17 17:18:00', 120), 'Sealed'),
	(65, 99,  CONVERT(DATETIME, '2016-10-17 17:18:00', 120), 'Cool stuff'),
	(69, 100, CONVERT(DATETIME, '2017-02-19 12:10:00', 120), 'select * from products'),
	(72, 101, CONVERT(DATETIME, '2017-02-28 00:29:00', 120), 'JQuery'),
	(73, 102, CONVERT(DATETIME, '2016-09-13 12:50:00', 120), '$dom'),
	(70, 103, CONVERT(DATETIME, '2016-10-25 20:24:00', 120), 'select'),
	(44, 104, CONVERT(DATETIME, '2016-11-29 12:29:00', 120), 'Types all all stuff'),
	(48, 121, CONVERT(DATETIME, '2016-11-29 12:29:00', 120), 'SB is good practice to create strings'),
	(52, 122, CONVERT(DATETIME, '2016-11-29 12:29:00', 120), 'System.string'),
	(56, 123, CONVERT(DATETIME, '2016-11-29 12:29:00', 120), 'What is class?'),
	(60, 124, CONVERT(DATETIME, '2016-11-29 12:29:00', 120), 'Sealed'),
	(67, 125, CONVERT(DATETIME, '2016-11-29 12:29:00', 120), 'GAC'),
	(43, 126, CONVERT(DATETIME, '2016-10-19 17:18:00', 120), 'Some useful stuff'),
	(47, 127, CONVERT(DATETIME, '2016-10-19 17:18:00', 120), 'SB creates strings'),
	(51, 128, CONVERT(DATETIME, '2016-10-19 17:18:00', 120), 'No diff'),
	(55, 129, CONVERT(DATETIME, '2016-10-19 17:18:00', 120), 'Base and delivered'),
	(59, 130, CONVERT(DATETIME, '2016-10-19 17:18:00', 120), 'Do not create it'),
	(66, 131, CONVERT(DATETIME, '2016-10-19 17:18:00', 120), 'Assembly in GAC'),
	(28, 132, CONVERT(DATETIME, '2017-02-23 12:13:00', 120), 'Stuff to be executed by CLR'),
	(31, 133, CONVERT(DATETIME, '2017-02-23 12:13:00', 120), 'Nope x2'),
	(34, 134, CONVERT(DATETIME, '2017-02-23 12:13:00', 120), 'All .net products have these types'),
	(37, 135, CONVERT(DATETIME, '2017-02-23 12:13:00', 120), 'Finalize cannot be called directly'),
	(40, 136, CONVERT(DATETIME, '2017-02-23 12:13:00', 120), 'No difference'),
	(63, 137, CONVERT(DATETIME, '2017-02-23 12:13:00', 120), 'Event is a delegate with trigger'),
	(12, 138, CONVERT(DATETIME, '2017-02-23 08:29:00', 120), 'JVM'),
	(16, 139, CONVERT(DATETIME, '2017-02-23 08:29:00', 120), 'Immutable'),
	(20, 140, CONVERT(DATETIME, '2017-02-23 08:29:00', 120), 'Some unknown stuff'),
	(24, 141, CONVERT(DATETIME, '2017-02-23 08:29:00', 120), 'create class -> call constructor'),
	(2,  142, CONVERT(DATETIME, '2017-05-23 11:26:00', 120), 'Handled & unhandled'),
	(4,  143, CONVERT(DATETIME, '2017-05-23 11:26:00', 120), 'Execute code anyway after try/catch block'),
	(6,  144, CONVERT(DATETIME, '2017-05-23 11:26:00', 120), 'Stuff to run managed code'),
	(8,  145, CONVERT(DATETIME, '2017-05-23 11:26:00', 120), 'Dictionary has additional key. Like a hash table'),
	(10, 146, CONVERT(DATETIME, '2017-05-23 11:26:00', 120), 'Properties & public methods to be inherited'),
	(13, 147, CONVERT(DATETIME, '2016-09-23 12:33:00', 120), 'Java runs everywhere'),
	(17, 148, CONVERT(DATETIME, '2016-09-23 12:33:00', 120), 'masive of chars'),
	(21, 149, CONVERT(DATETIME, '2016-09-23 12:33:00', 120), 'Assembler framework?'),
	(25, 150, CONVERT(DATETIME, '2016-09-23 12:33:00', 120), 'classname a = new classname();'),
	(14, 151, CONVERT(DATETIME, '2016-10-15 23:24:00', 120), 'Amounts of projects'),
	(18, 152, CONVERT(DATETIME, '2016-10-15 23:24:00', 120), 'Immutable massive of chars'),
	(22, 153, CONVERT(DATETIME, '2016-10-15 23:24:00', 120), 'Some modules running at the same time which makes the execution faster'),
	(26, 154, CONVERT(DATETIME, '2016-10-15 23:24:00', 120), 'Oh, Gosh, it s easy, but a do not know!'),
	(29, 155, CONVERT(DATETIME, '2016-11-24 16:32:00', 120), 'GIT will do an exe file from it'),
	(32, 197, CONVERT(DATETIME, '2016-11-24 16:32:00', 120), 'Compilation stuff'),
	(35, 198, CONVERT(DATETIME, '2016-11-24 16:32:00', 120), 'All .net products will be working correctly using this'),
	(38, 199, CONVERT(DATETIME, '2016-11-24 16:32:00', 120), 'Handled & unhandled code?'),
	(41, 200, CONVERT(DATETIME, '2016-11-24 16:32:00', 120), 'Assembly has unique namespaces'),
	(64, 201, CONVERT(DATETIME, '2016-11-24 16:32:00', 120), 'No difference'),
	(45, 202, CONVERT(DATETIME, '2016-11-15 18:18:00', 120), 'Nope'),
	(49, 203, CONVERT(DATETIME, '2016-11-15 18:18:00', 120), 'No difference'),
	(53, 318, CONVERT(DATETIME, '2016-11-15 18:18:00', 120), 'System.string'),
	(57, 319, CONVERT(DATETIME, '2016-11-15 18:18:00', 120), 'Delivered inherites from base'),
	(61, 320, CONVERT(DATETIME, '2016-11-15 18:18:00', 120), 'No way'),
	(68, 397, CONVERT(DATETIME, '2016-11-15 18:18:00', 120), 'No difference'),
	(71, 398, CONVERT(DATETIME, '2017-02-17 13:10:00', 120), 'use LINQ'),
	(74, 399, CONVERT(DATETIME, '2017-03-19 09:29:00', 120), '$'),
	(75, 400, CONVERT(DATETIME, '2017-02-23 00:21:00', 120), 'Javascript');
	
SET IDENTITY_INSERT tblUserTextAnswer OFF;


SET IDENTITY_INSERT [dbo].[tblUserAnswerScore] ON 

INSERT [dbo].[tblUserAnswerScore] ([Id], [QuizPassQuestionId], [Score], [EvaluatedBy], [EvaluatedAt])
VALUES
(1, 9, 10, '08ac153d-db88-4a5c-b6f0-0433a8c29dac', CONVERT(DATETIME, '2016-10-01 00:00:00', 120)),
(2, 10, 10, '08ac153d-db88-4a5c-b6f0-0433a8c29dac', CONVERT(DATETIME, '2016-10-01 00:00:00', 120)),
(3, 21, 0, '08ac153d-db88-4a5c-b6f0-0433a8c29dac', CONVERT(DATETIME, '2016-10-01 00:00:00', 120)),
(4, 23, 10, '08ac153d-db88-4a5c-b6f0-0433a8c29dac', CONVERT(DATETIME, '2016-10-01 00:00:00', 120)),
(5, 24, 0, '08ac153d-db88-4a5c-b6f0-0433a8c29dac', CONVERT(DATETIME, '2016-10-01 00:00:00', 120)),
(6, 31, 0, '08ac153d-db88-4a5c-b6f0-0433a8c29dac', CONVERT(DATETIME, '2016-10-01 00:00:00', 120)),
(7, 32, 0, '08ac153d-db88-4a5c-b6f0-0433a8c29dac', CONVERT(DATETIME, '2016-10-01 00:00:00', 120)),
(8, 45, 0, '08ac153d-db88-4a5c-b6f0-0433a8c29dac', CONVERT(DATETIME, '2016-10-01 00:00:00', 120)),
(9, 46, 0, '08ac153d-db88-4a5c-b6f0-0433a8c29dac', CONVERT(DATETIME, '2016-10-01 00:00:00', 120)),
(10, 47, 0, '08ac153d-db88-4a5c-b6f0-0433a8c29dac', CONVERT(DATETIME, '2016-10-01 00:00:00', 120)),
(11, 48, 0, '08ac153d-db88-4a5c-b6f0-0433a8c29dac', CONVERT(DATETIME, '2016-10-01 00:00:00', 120)),
(12, 69, 0, '08ac153d-db88-4a5c-b6f0-0433a8c29dac', CONVERT(DATETIME, '2016-10-01 00:00:00', 120)),
(13, 70, 0, '08ac153d-db88-4a5c-b6f0-0433a8c29dac', CONVERT(DATETIME, '2016-10-01 00:00:00', 120)),
(14, 71, 0, '08ac153d-db88-4a5c-b6f0-0433a8c29dac', CONVERT(DATETIME, '2016-10-01 00:00:00', 120)),
(15, 72, 0, '08ac153d-db88-4a5c-b6f0-0433a8c29dac', CONVERT(DATETIME, '2016-10-01 00:00:00', 120)),
(16, 85, 0, '08ac153d-db88-4a5c-b6f0-0433a8c29dac', CONVERT(DATETIME, '2016-10-01 00:00:00', 120)),
(17, 86, 10, '08ac153d-db88-4a5c-b6f0-0433a8c29dac', CONVERT(DATETIME, '2016-10-01 00:00:00', 120)),
(18, 87, 0, '08ac153d-db88-4a5c-b6f0-0433a8c29dac', CONVERT(DATETIME, '2016-10-01 00:00:00', 120)),
(19, 88, 0, '08ac153d-db88-4a5c-b6f0-0433a8c29dac', CONVERT(DATETIME, '2016-10-01 00:00:00', 120)),
(20, 93, 11, '08ac153d-db88-4a5c-b6f0-0433a8c29dac', CONVERT(DATETIME, '2016-10-01 00:00:00', 120)),
(21, 94, 0, '08ac153d-db88-4a5c-b6f0-0433a8c29dac', CONVERT(DATETIME, '2016-10-01 00:00:00', 120)),
(22, 95, 0, '08ac153d-db88-4a5c-b6f0-0433a8c29dac', CONVERT(DATETIME, '2016-10-01 00:00:00', 120)),
(23, 96, 0, '08ac153d-db88-4a5c-b6f0-0433a8c29dac', CONVERT(DATETIME, '2016-10-01 00:00:00', 120)),
(24, 204, 0, '08ac153d-db88-4a5c-b6f0-0433a8c29dac', CONVERT(DATETIME, '2016-10-01 00:00:00', 120)),
(25, 205, 0, '08ac153d-db88-4a5c-b6f0-0433a8c29dac', CONVERT(DATETIME, '2016-10-01 00:00:00', 120)),
(26, 206, 0, '08ac153d-db88-4a5c-b6f0-0433a8c29dac', CONVERT(DATETIME, '2016-10-01 00:00:00', 120)),
(27, 207, 0, '08ac153d-db88-4a5c-b6f0-0433a8c29dac', CONVERT(DATETIME, '2016-10-01 00:00:00', 120)),
(28, 208, 0, '08ac153d-db88-4a5c-b6f0-0433a8c29dac', CONVERT(DATETIME, '2016-10-01 00:00:00', 120)),
(29, 209, 0, '08ac153d-db88-4a5c-b6f0-0433a8c29dac', CONVERT(DATETIME, '2016-10-01 00:00:00', 120)),
(30, 210, 0, '08ac153d-db88-4a5c-b6f0-0433a8c29dac', CONVERT(DATETIME, '2016-10-01 00:00:00', 120)),
(31, 215, 0, '08ac153d-db88-4a5c-b6f0-0433a8c29dac', CONVERT(DATETIME, '2016-10-01 00:00:00', 120)),
(32, 216, 0, '08ac153d-db88-4a5c-b6f0-0433a8c29dac', CONVERT(DATETIME, '2016-10-01 00:00:00', 120)),
(33, 217, 0, '08ac153d-db88-4a5c-b6f0-0433a8c29dac', CONVERT(DATETIME, '2016-10-01 00:00:00', 120)),
(34, 230, 0, '08ac153d-db88-4a5c-b6f0-0433a8c29dac', CONVERT(DATETIME, '2016-10-01 00:00:00', 120)),
(35, 231, 0, '08ac153d-db88-4a5c-b6f0-0433a8c29dac', CONVERT(DATETIME, '2016-10-01 00:00:00', 120)),
(36, 232, 0, '08ac153d-db88-4a5c-b6f0-0433a8c29dac', CONVERT(DATETIME, '2016-10-01 00:00:00', 120)),
(37, 233, 0, '08ac153d-db88-4a5c-b6f0-0433a8c29dac', CONVERT(DATETIME, '2016-10-01 00:00:00', 120)),
(38, 254, 0, '08ac153d-db88-4a5c-b6f0-0433a8c29dac', CONVERT(DATETIME, '2016-10-01 00:00:00', 120)),
(39, 255, 0, '08ac153d-db88-4a5c-b6f0-0433a8c29dac', CONVERT(DATETIME, '2016-10-01 00:00:00', 120)),
(40, 256, 0, '08ac153d-db88-4a5c-b6f0-0433a8c29dac', CONVERT(DATETIME, '2016-10-01 00:00:00', 120)),
(41, 22, 0, '08ac153d-db88-4a5c-b6f0-0433a8c29dac', CONVERT(DATETIME, '2016-10-01 00:00:00', 120)),
(42, 35, 0, '08ac153d-db88-4a5c-b6f0-0433a8c29dac', CONVERT(DATETIME, '2016-10-01 00:00:00', 120)),
(43, 36, 0, '08ac153d-db88-4a5c-b6f0-0433a8c29dac', CONVERT(DATETIME, '2016-10-01 00:00:00', 120)),
(44, 113, 0, '08ac153d-db88-4a5c-b6f0-0433a8c29dac', CONVERT(DATETIME, '2016-10-01 00:00:00', 120)),
(45, 114, 0, '08ac153d-db88-4a5c-b6f0-0433a8c29dac', CONVERT(DATETIME, '2016-10-01 00:00:00', 120)),
(46, 115, 0, '08ac153d-db88-4a5c-b6f0-0433a8c29dac', CONVERT(DATETIME, '2016-10-01 00:00:00', 120)),
(47, 116, 0, '08ac153d-db88-4a5c-b6f0-0433a8c29dac', CONVERT(DATETIME, '2016-10-01 00:00:00', 120)),

(48, 156, 0, '08ac153d-db88-4a5c-b6f0-0433a8c29dac', CONVERT(DATETIME, '2016-10-01 00:00:00', 120)),
(49, 157, 0, '08ac153d-db88-4a5c-b6f0-0433a8c29dac', CONVERT(DATETIME, '2016-10-01 00:00:00', 120)),
(50, 158, 0, '08ac153d-db88-4a5c-b6f0-0433a8c29dac', CONVERT(DATETIME, '2016-10-01 00:00:00', 120)),
(51, 159, 10, '08ac153d-db88-4a5c-b6f0-0433a8c29dac', CONVERT(DATETIME, '2016-10-01 00:00:00', 120)),
(52, 160, 10, '08ac153d-db88-4a5c-b6f0-0433a8c29dac', CONVERT(DATETIME, '2016-10-01 00:00:00', 120)),
(53, 161, 10, '08ac153d-db88-4a5c-b6f0-0433a8c29dac', CONVERT(DATETIME, '2016-10-01 00:00:00', 120)),
(54, 162, 10, '08ac153d-db88-4a5c-b6f0-0433a8c29dac', CONVERT(DATETIME, '2016-10-01 00:00:00', 120)),
(55, 163, 10, '08ac153d-db88-4a5c-b6f0-0433a8c29dac', CONVERT(DATETIME, '2016-10-01 00:00:00', 120)),
(56, 164, 10, '08ac153d-db88-4a5c-b6f0-0433a8c29dac', CONVERT(DATETIME, '2016-10-01 00:00:00', 120)),
(57, 165, 0, '08ac153d-db88-4a5c-b6f0-0433a8c29dac', CONVERT(DATETIME, '2016-10-01 00:00:00', 120)),
(58, 166, 0, '08ac153d-db88-4a5c-b6f0-0433a8c29dac', CONVERT(DATETIME, '2016-10-01 00:00:00', 120)),
(59, 167, 0, '08ac153d-db88-4a5c-b6f0-0433a8c29dac', CONVERT(DATETIME, '2016-10-01 00:00:00', 120)),
(60, 168, 10, '08ac153d-db88-4a5c-b6f0-0433a8c29dac', CONVERT(DATETIME, '2016-10-01 00:00:00', 120)),
(61, 169, 10, '08ac153d-db88-4a5c-b6f0-0433a8c29dac', CONVERT(DATETIME, '2016-10-01 00:00:00', 120)),
(62, 170, 10, '08ac153d-db88-4a5c-b6f0-0433a8c29dac', CONVERT(DATETIME, '2016-10-01 00:00:00', 120)),
(63, 171, 10, '08ac153d-db88-4a5c-b6f0-0433a8c29dac', CONVERT(DATETIME, '2016-10-01 00:00:00', 120)),
(64, 172, 10, '08ac153d-db88-4a5c-b6f0-0433a8c29dac', CONVERT(DATETIME, '2016-10-01 00:00:00', 120)),
(65, 173, 10, '08ac153d-db88-4a5c-b6f0-0433a8c29dac', CONVERT(DATETIME, '2016-10-01 00:00:00', 120)),
(66, 174, 0, '08ac153d-db88-4a5c-b6f0-0433a8c29dac', CONVERT(DATETIME, '2016-10-01 00:00:00', 120)),
(67, 175, 0, '08ac153d-db88-4a5c-b6f0-0433a8c29dac', CONVERT(DATETIME, '2016-10-01 00:00:00', 120)),
(68, 176, 0, '08ac153d-db88-4a5c-b6f0-0433a8c29dac', CONVERT(DATETIME, '2016-10-01 00:00:00', 120)),
(69, 177, 0, '08ac153d-db88-4a5c-b6f0-0433a8c29dac', CONVERT(DATETIME, '2016-10-01 00:00:00', 120)),
(70, 178, 0, '08ac153d-db88-4a5c-b6f0-0433a8c29dac', CONVERT(DATETIME, '2016-10-01 00:00:00', 120)),
(71, 179, 0, '08ac153d-db88-4a5c-b6f0-0433a8c29dac', CONVERT(DATETIME, '2016-10-01 00:00:00', 120)),
(72, 180, 10, '08ac153d-db88-4a5c-b6f0-0433a8c29dac', CONVERT(DATETIME, '2016-10-01 00:00:00', 120)),
(73, 181, 10, '08ac153d-db88-4a5c-b6f0-0433a8c29dac', CONVERT(DATETIME, '2016-10-01 00:00:00', 120)),
(74, 182, 10, '08ac153d-db88-4a5c-b6f0-0433a8c29dac', CONVERT(DATETIME, '2016-10-01 00:00:00', 120)),
(75, 183, 0, '08ac153d-db88-4a5c-b6f0-0433a8c29dac', CONVERT(DATETIME, '2016-10-01 00:00:00', 120)),
(76, 184, 0, '08ac153d-db88-4a5c-b6f0-0433a8c29dac', CONVERT(DATETIME, '2016-10-01 00:00:00', 120)),
(77, 185, 0, '08ac153d-db88-4a5c-b6f0-0433a8c29dac', CONVERT(DATETIME, '2016-10-01 00:00:00', 120)),
(78, 186, 0, '08ac153d-db88-4a5c-b6f0-0433a8c29dac', CONVERT(DATETIME, '2016-10-01 00:00:00', 120)),
(79, 187, 0, '08ac153d-db88-4a5c-b6f0-0433a8c29dac', CONVERT(DATETIME, '2016-10-01 00:00:00', 120)),
(80, 188, 0, '08ac153d-db88-4a5c-b6f0-0433a8c29dac', CONVERT(DATETIME, '2016-10-01 00:00:00', 120)),
(81, 189, 10, '08ac153d-db88-4a5c-b6f0-0433a8c29dac', CONVERT(DATETIME, '2016-10-01 00:00:00', 120)),
(82, 190, 10, '08ac153d-db88-4a5c-b6f0-0433a8c29dac', CONVERT(DATETIME, '2016-10-01 00:00:00', 120)),
(83, 191, 10, '08ac153d-db88-4a5c-b6f0-0433a8c29dac', CONVERT(DATETIME, '2016-10-01 00:00:00', 120)),
(84, 192, 10, '08ac153d-db88-4a5c-b6f0-0433a8c29dac', CONVERT(DATETIME, '2016-10-01 00:00:00', 120)),
(85, 193, 0, '08ac153d-db88-4a5c-b6f0-0433a8c29dac', CONVERT(DATETIME, '2016-10-01 00:00:00', 120)),
(86, 194, 0, '08ac153d-db88-4a5c-b6f0-0433a8c29dac', CONVERT(DATETIME, '2016-10-01 00:00:00', 120)),
(87, 195, 0, '08ac153d-db88-4a5c-b6f0-0433a8c29dac', CONVERT(DATETIME, '2016-10-01 00:00:00', 120)),
(88, 196, 0, '08ac153d-db88-4a5c-b6f0-0433a8c29dac', CONVERT(DATETIME, '2016-10-01 00:00:00', 120)),
(89, 211, 0, '08ac153d-db88-4a5c-b6f0-0433a8c29dac', CONVERT(DATETIME, '2016-10-01 00:00:00', 120)),
(90, 212, 0, '08ac153d-db88-4a5c-b6f0-0433a8c29dac', CONVERT(DATETIME, '2016-10-01 00:00:00', 120)),
(91, 213, 0, '08ac153d-db88-4a5c-b6f0-0433a8c29dac', CONVERT(DATETIME, '2016-10-01 00:00:00', 120)),
(92, 214, 0, '08ac153d-db88-4a5c-b6f0-0433a8c29dac', CONVERT(DATETIME, '2016-10-01 00:00:00', 120)),
(93, 218, 10, '08ac153d-db88-4a5c-b6f0-0433a8c29dac', CONVERT(DATETIME, '2016-10-01 00:00:00', 120)),
(94, 219, 10, '08ac153d-db88-4a5c-b6f0-0433a8c29dac', CONVERT(DATETIME, '2016-10-01 00:00:00', 120)),
(95, 220, 10, '08ac153d-db88-4a5c-b6f0-0433a8c29dac', CONVERT(DATETIME, '2016-10-01 00:00:00', 120)),
(96, 221, 10, '08ac153d-db88-4a5c-b6f0-0433a8c29dac', CONVERT(DATETIME, '2016-10-01 00:00:00', 120)),
(97, 222, 0, '08ac153d-db88-4a5c-b6f0-0433a8c29dac', CONVERT(DATETIME, '2016-10-01 00:00:00', 120)),
(98, 223, 0, '08ac153d-db88-4a5c-b6f0-0433a8c29dac', CONVERT(DATETIME, '2016-10-01 00:00:00', 120)),
(99, 224, 0, '08ac153d-db88-4a5c-b6f0-0433a8c29dac', CONVERT(DATETIME, '2016-10-01 00:00:00', 120)),
(100, 225, 0, '08ac153d-db88-4a5c-b6f0-0433a8c29dac', CONVERT(DATETIME, '2016-10-01 00:00:00', 120)),
(101, 226, 0, '08ac153d-db88-4a5c-b6f0-0433a8c29dac', CONVERT(DATETIME, '2016-10-01 00:00:00', 120)),
(102, 227, 0, '08ac153d-db88-4a5c-b6f0-0433a8c29dac', CONVERT(DATETIME, '2016-10-01 00:00:00', 120)),
(103, 228, 0, '08ac153d-db88-4a5c-b6f0-0433a8c29dac', CONVERT(DATETIME, '2016-10-01 00:00:00', 120)),
(104, 229, 0, '08ac153d-db88-4a5c-b6f0-0433a8c29dac', CONVERT(DATETIME, '2016-10-01 00:00:00', 120)),
(105, 234, 0, '08ac153d-db88-4a5c-b6f0-0433a8c29dac', CONVERT(DATETIME, '2016-10-01 00:00:00', 120)),
(106, 235, 0, '08ac153d-db88-4a5c-b6f0-0433a8c29dac', CONVERT(DATETIME, '2016-10-01 00:00:00', 120)),
(107, 236, 0, '08ac153d-db88-4a5c-b6f0-0433a8c29dac', CONVERT(DATETIME, '2016-10-01 00:00:00', 120)),
(108, 237, 0, '08ac153d-db88-4a5c-b6f0-0433a8c29dac', CONVERT(DATETIME, '2016-10-01 00:00:00', 120)),
(109, 238, 10, '08ac153d-db88-4a5c-b6f0-0433a8c29dac', CONVERT(DATETIME, '2016-10-01 00:00:00', 120)),
(110, 239, 10, '08ac153d-db88-4a5c-b6f0-0433a8c29dac', CONVERT(DATETIME, '2016-10-01 00:00:00', 120)),
(111, 240, 10, '08ac153d-db88-4a5c-b6f0-0433a8c29dac', CONVERT(DATETIME, '2016-10-01 00:00:00', 120)),
(112, 241, 10, '08ac153d-db88-4a5c-b6f0-0433a8c29dac', CONVERT(DATETIME, '2016-10-01 00:00:00', 120)),
(113, 242, 0, '08ac153d-db88-4a5c-b6f0-0433a8c29dac', CONVERT(DATETIME, '2016-10-01 00:00:00', 120)),
(114, 243, 0, '08ac153d-db88-4a5c-b6f0-0433a8c29dac', CONVERT(DATETIME, '2016-10-01 00:00:00', 120)),
(115, 244, 0, '08ac153d-db88-4a5c-b6f0-0433a8c29dac', CONVERT(DATETIME, '2016-10-01 00:00:00', 120)),
(116, 245, 0, '08ac153d-db88-4a5c-b6f0-0433a8c29dac', CONVERT(DATETIME, '2016-10-01 00:00:00', 120)),
(117, 246, 10, '08ac153d-db88-4a5c-b6f0-0433a8c29dac', CONVERT(DATETIME, '2016-10-01 00:00:00', 120)),
(118, 247, 10, '08ac153d-db88-4a5c-b6f0-0433a8c29dac', CONVERT(DATETIME, '2016-10-01 00:00:00', 120)),
(119, 248, 10, '08ac153d-db88-4a5c-b6f0-0433a8c29dac', CONVERT(DATETIME, '2016-10-01 00:00:00', 120)),
(120, 249, 10, '08ac153d-db88-4a5c-b6f0-0433a8c29dac', CONVERT(DATETIME, '2016-10-01 00:00:00', 120)),
(121, 250, 10, '08ac153d-db88-4a5c-b6f0-0433a8c29dac', CONVERT(DATETIME, '2016-10-01 00:00:00', 120)),
(122, 251, 10, '08ac153d-db88-4a5c-b6f0-0433a8c29dac', CONVERT(DATETIME, '2016-10-01 00:00:00', 120)),
(123, 252, 10, '08ac153d-db88-4a5c-b6f0-0433a8c29dac', CONVERT(DATETIME, '2016-10-01 00:00:00', 120)),
(124, 253, 10, '08ac153d-db88-4a5c-b6f0-0433a8c29dac', CONVERT(DATETIME, '2016-10-01 00:00:00', 120)),
(125, 257, 0, '08ac153d-db88-4a5c-b6f0-0433a8c29dac', CONVERT(DATETIME, '2016-10-01 00:00:00', 120)),
(126, 258, 0, '08ac153d-db88-4a5c-b6f0-0433a8c29dac', CONVERT(DATETIME, '2016-10-01 00:00:00', 120)),
(127, 259, 0, '08ac153d-db88-4a5c-b6f0-0433a8c29dac', CONVERT(DATETIME, '2016-10-01 00:00:00', 120)),
(128, 260, 0, '08ac153d-db88-4a5c-b6f0-0433a8c29dac', CONVERT(DATETIME, '2016-10-01 00:00:00', 120)),
(129, 1, 10, '08ac153d-db88-4a5c-b6f0-0433a8c29dac', CONVERT(DATETIME, '2016-10-01 00:00:00', 120)),
(130, 2, 10, '08ac153d-db88-4a5c-b6f0-0433a8c29dac', CONVERT(DATETIME, '2016-10-01 00:00:00', 120)),
(131, 7, 0, '08ac153d-db88-4a5c-b6f0-0433a8c29dac', CONVERT(DATETIME, '2016-10-01 00:00:00', 120)),
(132, 8, 0, '08ac153d-db88-4a5c-b6f0-0433a8c29dac', CONVERT(DATETIME, '2016-10-01 00:00:00', 120)),
(133, 13, 10, '08ac153d-db88-4a5c-b6f0-0433a8c29dac', CONVERT(DATETIME, '2016-10-01 00:00:00', 120)),
(134, 14, 10, '08ac153d-db88-4a5c-b6f0-0433a8c29dac', CONVERT(DATETIME, '2016-10-01 00:00:00', 120)),
(135, 15, 0, '08ac153d-db88-4a5c-b6f0-0433a8c29dac', CONVERT(DATETIME, '2016-10-01 00:00:00', 120)),
(136, 16, 0, '08ac153d-db88-4a5c-b6f0-0433a8c29dac', CONVERT(DATETIME, '2016-10-01 00:00:00', 120)),
(137, 17, 0, '08ac153d-db88-4a5c-b6f0-0433a8c29dac', CONVERT(DATETIME, '2016-10-01 00:00:00', 120)),
(138, 18, 0, '08ac153d-db88-4a5c-b6f0-0433a8c29dac', CONVERT(DATETIME, '2016-10-01 00:00:00', 120)),
(139, 19, 0, '08ac153d-db88-4a5c-b6f0-0433a8c29dac', CONVERT(DATETIME, '2016-10-01 00:00:00', 120)),
(140, 20, 0, '08ac153d-db88-4a5c-b6f0-0433a8c29dac', CONVERT(DATETIME, '2016-10-01 00:00:00', 120)),
(141, 25, 0, '08ac153d-db88-4a5c-b6f0-0433a8c29dac', CONVERT(DATETIME, '2016-10-01 00:00:00', 120)),
(142, 26, 0, '08ac153d-db88-4a5c-b6f0-0433a8c29dac', CONVERT(DATETIME, '2016-10-01 00:00:00', 120)),
(143, 27, 0, '08ac153d-db88-4a5c-b6f0-0433a8c29dac', CONVERT(DATETIME, '2016-10-01 00:00:00', 120)),
(144, 28, 0, '08ac153d-db88-4a5c-b6f0-0433a8c29dac', CONVERT(DATETIME, '2016-10-01 00:00:00', 120)),
(145, 33, 0, '08ac153d-db88-4a5c-b6f0-0433a8c29dac', CONVERT(DATETIME, '2016-10-01 00:00:00', 120)),
(146, 34, 0, '08ac153d-db88-4a5c-b6f0-0433a8c29dac', CONVERT(DATETIME, '2016-10-01 00:00:00', 120)),
(147, 37, 0, '08ac153d-db88-4a5c-b6f0-0433a8c29dac', CONVERT(DATETIME, '2016-10-01 00:00:00', 120)),
(148, 38, 0, '08ac153d-db88-4a5c-b6f0-0433a8c29dac', CONVERT(DATETIME, '2016-10-01 00:00:00', 120)),
(149, 49, 0, '08ac153d-db88-4a5c-b6f0-0433a8c29dac', CONVERT(DATETIME, '2016-10-01 00:00:00', 120)),
(150, 50, 0, '08ac153d-db88-4a5c-b6f0-0433a8c29dac', CONVERT(DATETIME, '2016-10-01 00:00:00', 120)),
(151, 51, 0, '08ac153d-db88-4a5c-b6f0-0433a8c29dac', CONVERT(DATETIME, '2016-10-01 00:00:00', 120)),
(152, 52, 0, '08ac153d-db88-4a5c-b6f0-0433a8c29dac', CONVERT(DATETIME, '2016-10-01 00:00:00', 120)),
(153, 53, 0, '08ac153d-db88-4a5c-b6f0-0433a8c29dac', CONVERT(DATETIME, '2016-10-01 00:00:00', 120)),
(154, 54, 0, '08ac153d-db88-4a5c-b6f0-0433a8c29dac', CONVERT(DATETIME, '2016-10-01 00:00:00', 120)),
(155, 55, 0, '08ac153d-db88-4a5c-b6f0-0433a8c29dac', CONVERT(DATETIME, '2016-10-01 00:00:00', 120)),
(156, 56, 0, '08ac153d-db88-4a5c-b6f0-0433a8c29dac', CONVERT(DATETIME, '2016-10-01 00:00:00', 120)),
(157, 57, 0, '08ac153d-db88-4a5c-b6f0-0433a8c29dac', CONVERT(DATETIME, '2016-10-01 00:00:00', 120)),
(158, 58, 0, '08ac153d-db88-4a5c-b6f0-0433a8c29dac', CONVERT(DATETIME, '2016-10-01 00:00:00', 120)),
(159, 59, 0, '08ac153d-db88-4a5c-b6f0-0433a8c29dac', CONVERT(DATETIME, '2016-10-01 00:00:00', 120)),
(160, 60, 0, '08ac153d-db88-4a5c-b6f0-0433a8c29dac', CONVERT(DATETIME, '2016-10-01 00:00:00', 120)),
(161, 61, 10, '08ac153d-db88-4a5c-b6f0-0433a8c29dac', CONVERT(DATETIME, '2016-10-01 00:00:00', 120)),
(162, 62, 10, '08ac153d-db88-4a5c-b6f0-0433a8c29dac', CONVERT(DATETIME, '2016-10-01 00:00:00', 120)),
(163, 63, 10, '08ac153d-db88-4a5c-b6f0-0433a8c29dac', CONVERT(DATETIME, '2016-10-01 00:00:00', 120)),
(164, 64, 10, '08ac153d-db88-4a5c-b6f0-0433a8c29dac', CONVERT(DATETIME, '2016-10-01 00:00:00', 120)),
(165, 65, 0, '08ac153d-db88-4a5c-b6f0-0433a8c29dac', CONVERT(DATETIME, '2016-10-01 00:00:00', 120)),
(166, 66, 0, '08ac153d-db88-4a5c-b6f0-0433a8c29dac', CONVERT(DATETIME, '2016-10-01 00:00:00', 120)),
(167, 67, 0, '08ac153d-db88-4a5c-b6f0-0433a8c29dac', CONVERT(DATETIME, '2016-10-01 00:00:00', 120)),
(168, 68, 0, '08ac153d-db88-4a5c-b6f0-0433a8c29dac', CONVERT(DATETIME, '2016-10-01 00:00:00', 120)),
(169, 73, 10, '08ac153d-db88-4a5c-b6f0-0433a8c29dac', CONVERT(DATETIME, '2016-10-01 00:00:00', 120)),
(170, 74, 10, '08ac153d-db88-4a5c-b6f0-0433a8c29dac', CONVERT(DATETIME, '2016-10-01 00:00:00', 120)),
(171, 75, 10, '08ac153d-db88-4a5c-b6f0-0433a8c29dac', CONVERT(DATETIME, '2016-10-01 00:00:00', 120)),
(172, 76, 10, '08ac153d-db88-4a5c-b6f0-0433a8c29dac', CONVERT(DATETIME, '2016-10-01 00:00:00', 120)),
(173, 81, 0, '08ac153d-db88-4a5c-b6f0-0433a8c29dac', CONVERT(DATETIME, '2016-10-01 00:00:00', 120)),
(174, 82, 0, '08ac153d-db88-4a5c-b6f0-0433a8c29dac', CONVERT(DATETIME, '2016-10-01 00:00:00', 120)),
(175, 83, 0, '08ac153d-db88-4a5c-b6f0-0433a8c29dac', CONVERT(DATETIME, '2016-10-01 00:00:00', 120)),
(176, 84, 0, '08ac153d-db88-4a5c-b6f0-0433a8c29dac', CONVERT(DATETIME, '2016-10-01 00:00:00', 120)),
(177, 89, 0, '08ac153d-db88-4a5c-b6f0-0433a8c29dac', CONVERT(DATETIME, '2016-10-01 00:00:00', 120)),
(178, 90, 0, '08ac153d-db88-4a5c-b6f0-0433a8c29dac', CONVERT(DATETIME, '2016-10-01 00:00:00', 120)),
(179, 91, 0, '08ac153d-db88-4a5c-b6f0-0433a8c29dac', CONVERT(DATETIME, '2016-10-01 00:00:00', 120)),
(180, 92, 0, '08ac153d-db88-4a5c-b6f0-0433a8c29dac', CONVERT(DATETIME, '2016-10-01 00:00:00', 120)),
(181, 105, 0, '08ac153d-db88-4a5c-b6f0-0433a8c29dac', CONVERT(DATETIME, '2016-10-01 00:00:00', 120)),
(182, 106, 0, '08ac153d-db88-4a5c-b6f0-0433a8c29dac', CONVERT(DATETIME, '2016-10-01 00:00:00', 120)),
(183, 107, 0, '08ac153d-db88-4a5c-b6f0-0433a8c29dac', CONVERT(DATETIME, '2016-10-01 00:00:00', 120)),
(184, 108, 0, '08ac153d-db88-4a5c-b6f0-0433a8c29dac', CONVERT(DATETIME, '2016-10-01 00:00:00', 120)),
(185, 109, 0, '08ac153d-db88-4a5c-b6f0-0433a8c29dac', CONVERT(DATETIME, '2016-10-01 00:00:00', 120)),
(186, 110, 0, '08ac153d-db88-4a5c-b6f0-0433a8c29dac', CONVERT(DATETIME, '2016-10-01 00:00:00', 120)),
(187, 111, 0, '08ac153d-db88-4a5c-b6f0-0433a8c29dac', CONVERT(DATETIME, '2016-10-01 00:00:00', 120)),
(188, 112, 0, '08ac153d-db88-4a5c-b6f0-0433a8c29dac', CONVERT(DATETIME, '2016-10-01 00:00:00', 120)),
(189, 117, 0, '08ac153d-db88-4a5c-b6f0-0433a8c29dac', CONVERT(DATETIME, '2016-10-01 00:00:00', 120)),
(190, 118, 0, '08ac153d-db88-4a5c-b6f0-0433a8c29dac', CONVERT(DATETIME, '2016-10-01 00:00:00', 120)),
(191, 119, 0, '08ac153d-db88-4a5c-b6f0-0433a8c29dac', CONVERT(DATETIME, '2016-10-01 00:00:00', 120)),
(192, 120, 0, '08ac153d-db88-4a5c-b6f0-0433a8c29dac', CONVERT(DATETIME, '2016-10-01 00:00:00', 120)),
(193, 261, 0, '08ac153d-db88-4a5c-b6f0-0433a8c29dac', CONVERT(DATETIME, '2016-10-01 00:00:00', 120)),
(194, 262, 0, '08ac153d-db88-4a5c-b6f0-0433a8c29dac', CONVERT(DATETIME, '2016-10-01 00:00:00', 120)),
(195, 263, 0, '08ac153d-db88-4a5c-b6f0-0433a8c29dac', CONVERT(DATETIME, '2016-10-01 00:00:00', 120)),
(196, 264, 0, '08ac153d-db88-4a5c-b6f0-0433a8c29dac', CONVERT(DATETIME, '2016-10-01 00:00:00', 120)),
(197, 265, 0, '08ac153d-db88-4a5c-b6f0-0433a8c29dac', CONVERT(DATETIME, '2016-10-01 00:00:00', 120)),
(198, 266, 0, '08ac153d-db88-4a5c-b6f0-0433a8c29dac', CONVERT(DATETIME, '2016-10-01 00:00:00', 120)),
(199, 267, 0, '08ac153d-db88-4a5c-b6f0-0433a8c29dac', CONVERT(DATETIME, '2016-10-01 00:00:00', 120)),
(200, 268, 0, '08ac153d-db88-4a5c-b6f0-0433a8c29dac', CONVERT(DATETIME, '2016-10-01 00:00:00', 120)),
(201, 269, 0, '08ac153d-db88-4a5c-b6f0-0433a8c29dac', CONVERT(DATETIME, '2016-10-01 00:00:00', 120)),
(202, 270, 0, '08ac153d-db88-4a5c-b6f0-0433a8c29dac', CONVERT(DATETIME, '2016-10-01 00:00:00', 120)),
(203, 271, 0, '08ac153d-db88-4a5c-b6f0-0433a8c29dac', CONVERT(DATETIME, '2016-10-01 00:00:00', 120)),
(204, 272, 0, '08ac153d-db88-4a5c-b6f0-0433a8c29dac', CONVERT(DATETIME, '2016-10-01 00:00:00', 120)),
(205, 273, 0, '08ac153d-db88-4a5c-b6f0-0433a8c29dac', CONVERT(DATETIME, '2016-10-01 00:00:00', 120)),
(206, 274, 0, '08ac153d-db88-4a5c-b6f0-0433a8c29dac', CONVERT(DATETIME, '2016-10-01 00:00:00', 120)),
(207, 275, 0, '08ac153d-db88-4a5c-b6f0-0433a8c29dac', CONVERT(DATETIME, '2016-10-01 00:00:00', 120)),
(208, 276, 0, '08ac153d-db88-4a5c-b6f0-0433a8c29dac', CONVERT(DATETIME, '2016-10-01 00:00:00', 120)),
(209, 277, 0, '08ac153d-db88-4a5c-b6f0-0433a8c29dac', CONVERT(DATETIME, '2016-10-01 00:00:00', 120)),
(210, 278, 0, '08ac153d-db88-4a5c-b6f0-0433a8c29dac', CONVERT(DATETIME, '2016-10-01 00:00:00', 120)),
(211, 279, 1, '08ac153d-db88-4a5c-b6f0-0433a8c29dac', CONVERT(DATETIME, '2016-10-01 00:00:00', 120)),
(212, 280, 1, '08ac153d-db88-4a5c-b6f0-0433a8c29dac', CONVERT(DATETIME, '2016-10-01 00:00:00', 120)),
(213, 281, 1, '08ac153d-db88-4a5c-b6f0-0433a8c29dac', CONVERT(DATETIME, '2016-10-01 00:00:00', 120)),
(214, 282, 0, '08ac153d-db88-4a5c-b6f0-0433a8c29dac', CONVERT(DATETIME, '2016-10-01 00:00:00', 120)),
(215, 283, 0, '08ac153d-db88-4a5c-b6f0-0433a8c29dac', CONVERT(DATETIME, '2016-10-01 00:00:00', 120)),
(216, 284, 0, '08ac153d-db88-4a5c-b6f0-0433a8c29dac', CONVERT(DATETIME, '2016-10-01 00:00:00', 120)),
(217, 285, 1, '08ac153d-db88-4a5c-b6f0-0433a8c29dac', CONVERT(DATETIME, '2016-10-01 00:00:00', 120)),
(218, 286, 1, '08ac153d-db88-4a5c-b6f0-0433a8c29dac', CONVERT(DATETIME, '2016-10-01 00:00:00', 120)),
(219, 287, 1, '08ac153d-db88-4a5c-b6f0-0433a8c29dac', CONVERT(DATETIME, '2016-10-01 00:00:00', 120)),
(220, 288, 0, '08ac153d-db88-4a5c-b6f0-0433a8c29dac', CONVERT(DATETIME, '2016-10-01 00:00:00', 120)),
(221, 289, 0, '08ac153d-db88-4a5c-b6f0-0433a8c29dac', CONVERT(DATETIME, '2016-10-01 00:00:00', 120)),
(222, 290, 0, '08ac153d-db88-4a5c-b6f0-0433a8c29dac', CONVERT(DATETIME, '2016-10-01 00:00:00', 120)),
(223, 291, 0, '08ac153d-db88-4a5c-b6f0-0433a8c29dac', CONVERT(DATETIME, '2016-10-01 00:00:00', 120)),
(224, 292, 0, '08ac153d-db88-4a5c-b6f0-0433a8c29dac', CONVERT(DATETIME, '2016-10-01 00:00:00', 120)),
(225, 293, 0, '08ac153d-db88-4a5c-b6f0-0433a8c29dac', CONVERT(DATETIME, '2016-10-01 00:00:00', 120)),
(226, 294, 0, '08ac153d-db88-4a5c-b6f0-0433a8c29dac', CONVERT(DATETIME, '2016-10-01 00:00:00', 120)),
(227, 295, 0, '08ac153d-db88-4a5c-b6f0-0433a8c29dac', CONVERT(DATETIME, '2016-10-01 00:00:00', 120)),
(228, 296, 0, '08ac153d-db88-4a5c-b6f0-0433a8c29dac', CONVERT(DATETIME, '2016-10-01 00:00:00', 120)),
(229, 297, 0, '08ac153d-db88-4a5c-b6f0-0433a8c29dac', CONVERT(DATETIME, '2016-10-01 00:00:00', 120)),
(230, 298, 0, '08ac153d-db88-4a5c-b6f0-0433a8c29dac', CONVERT(DATETIME, '2016-10-01 00:00:00', 120)),
(231, 299, 0, '08ac153d-db88-4a5c-b6f0-0433a8c29dac', CONVERT(DATETIME, '2016-10-01 00:00:00', 120)),
(232, 300, 0, '08ac153d-db88-4a5c-b6f0-0433a8c29dac', CONVERT(DATETIME, '2016-10-01 00:00:00', 120)),
(233, 301, 0, '08ac153d-db88-4a5c-b6f0-0433a8c29dac', CONVERT(DATETIME, '2016-10-01 00:00:00', 120)),
(234, 302, 0, '08ac153d-db88-4a5c-b6f0-0433a8c29dac', CONVERT(DATETIME, '2016-10-01 00:00:00', 120)),
(235, 303, 2, '08ac153d-db88-4a5c-b6f0-0433a8c29dac', CONVERT(DATETIME, '2016-10-01 00:00:00', 120)),
(236, 304, 2, '08ac153d-db88-4a5c-b6f0-0433a8c29dac', CONVERT(DATETIME, '2016-10-01 00:00:00', 120)),
(237, 305, 2, '08ac153d-db88-4a5c-b6f0-0433a8c29dac', CONVERT(DATETIME, '2016-10-01 00:00:00', 120)),
(238, 306, 2, '08ac153d-db88-4a5c-b6f0-0433a8c29dac', CONVERT(DATETIME, '2016-10-01 00:00:00', 120)),
(239, 307, 2, '08ac153d-db88-4a5c-b6f0-0433a8c29dac', CONVERT(DATETIME, '2016-10-01 00:00:00', 120)),
(240, 308, 2, '08ac153d-db88-4a5c-b6f0-0433a8c29dac', CONVERT(DATETIME, '2016-10-01 00:00:00', 120)),
(241, 309, 2, '08ac153d-db88-4a5c-b6f0-0433a8c29dac', CONVERT(DATETIME, '2016-10-01 00:00:00', 120)),
(242, 310, 2, '08ac153d-db88-4a5c-b6f0-0433a8c29dac', CONVERT(DATETIME, '2016-10-01 00:00:00', 120)),
(243, 311, 2, '08ac153d-db88-4a5c-b6f0-0433a8c29dac', CONVERT(DATETIME, '2016-10-01 00:00:00', 120)),
(244, 312, 0, '08ac153d-db88-4a5c-b6f0-0433a8c29dac', CONVERT(DATETIME, '2016-10-01 00:00:00', 120)),
(245, 313, 0, '08ac153d-db88-4a5c-b6f0-0433a8c29dac', CONVERT(DATETIME, '2016-10-01 00:00:00', 120)),
(246, 314, 0, '08ac153d-db88-4a5c-b6f0-0433a8c29dac', CONVERT(DATETIME, '2016-10-01 00:00:00', 120)),
(247, 315, 2, '08ac153d-db88-4a5c-b6f0-0433a8c29dac', CONVERT(DATETIME, '2016-10-01 00:00:00', 120)),
(248, 316, 2, '08ac153d-db88-4a5c-b6f0-0433a8c29dac', CONVERT(DATETIME, '2016-10-01 00:00:00', 120)),
(249, 317, 2, '08ac153d-db88-4a5c-b6f0-0433a8c29dac', CONVERT(DATETIME, '2016-10-01 00:00:00', 120)),
(250, 321, 1, '08ac153d-db88-4a5c-b6f0-0433a8c29dac', CONVERT(DATETIME, '2016-10-01 00:00:00', 120)),
(251, 322, 1, '08ac153d-db88-4a5c-b6f0-0433a8c29dac', CONVERT(DATETIME, '2016-10-01 00:00:00', 120)),
(252, 323, 1, '08ac153d-db88-4a5c-b6f0-0433a8c29dac', CONVERT(DATETIME, '2016-10-01 00:00:00', 120)),
(253, 324, 1, '08ac153d-db88-4a5c-b6f0-0433a8c29dac', CONVERT(DATETIME, '2016-10-01 00:00:00', 120)),
(254, 325, 0, '08ac153d-db88-4a5c-b6f0-0433a8c29dac', CONVERT(DATETIME, '2016-10-01 00:00:00', 120)),
(255, 326, 0, '08ac153d-db88-4a5c-b6f0-0433a8c29dac', CONVERT(DATETIME, '2016-10-01 00:00:00', 120)),
(256, 327, 0, '08ac153d-db88-4a5c-b6f0-0433a8c29dac', CONVERT(DATETIME, '2016-10-01 00:00:00', 120)),
(257, 328, 0, '08ac153d-db88-4a5c-b6f0-0433a8c29dac', CONVERT(DATETIME, '2016-10-01 00:00:00', 120)),
(258, 329, 0, '08ac153d-db88-4a5c-b6f0-0433a8c29dac', CONVERT(DATETIME, '2016-10-01 00:00:00', 120)),
(259, 330, 0, '08ac153d-db88-4a5c-b6f0-0433a8c29dac', CONVERT(DATETIME, '2016-10-01 00:00:00', 120)),
(260, 331, 0, '08ac153d-db88-4a5c-b6f0-0433a8c29dac', CONVERT(DATETIME, '2016-10-01 00:00:00', 120)),
(261, 332, 0, '08ac153d-db88-4a5c-b6f0-0433a8c29dac', CONVERT(DATETIME, '2016-10-01 00:00:00', 120)),
(262, 333, 0, '08ac153d-db88-4a5c-b6f0-0433a8c29dac', CONVERT(DATETIME, '2016-10-01 00:00:00', 120)),
(263, 334, 0, '08ac153d-db88-4a5c-b6f0-0433a8c29dac', CONVERT(DATETIME, '2016-10-01 00:00:00', 120)),
(264, 335, 0, '08ac153d-db88-4a5c-b6f0-0433a8c29dac', CONVERT(DATETIME, '2016-10-01 00:00:00', 120)),
(265, 336, 0, '08ac153d-db88-4a5c-b6f0-0433a8c29dac', CONVERT(DATETIME, '2016-10-01 00:00:00', 120)),
(266, 337, 0, '08ac153d-db88-4a5c-b6f0-0433a8c29dac', CONVERT(DATETIME, '2016-10-01 00:00:00', 120)),
(267, 338, 0, '08ac153d-db88-4a5c-b6f0-0433a8c29dac', CONVERT(DATETIME, '2016-10-01 00:00:00', 120)),
(268, 339, 0, '08ac153d-db88-4a5c-b6f0-0433a8c29dac', CONVERT(DATETIME, '2016-10-01 00:00:00', 120)),
(269, 340, 0, '08ac153d-db88-4a5c-b6f0-0433a8c29dac', CONVERT(DATETIME, '2016-10-01 00:00:00', 120)),
(270, 341, 0, '08ac153d-db88-4a5c-b6f0-0433a8c29dac', CONVERT(DATETIME, '2016-10-01 00:00:00', 120)),
(271, 342, 0, '08ac153d-db88-4a5c-b6f0-0433a8c29dac', CONVERT(DATETIME, '2016-10-01 00:00:00', 120)),
(272, 343, 0, '08ac153d-db88-4a5c-b6f0-0433a8c29dac', CONVERT(DATETIME, '2016-10-01 00:00:00', 120)),
(273, 344, 0, '08ac153d-db88-4a5c-b6f0-0433a8c29dac', CONVERT(DATETIME, '2016-10-01 00:00:00', 120)),
(274, 345, 0, '08ac153d-db88-4a5c-b6f0-0433a8c29dac', CONVERT(DATETIME, '2016-10-01 00:00:00', 120)),
(275, 346, 0, '08ac153d-db88-4a5c-b6f0-0433a8c29dac', CONVERT(DATETIME, '2016-10-01 00:00:00', 120)),
(276, 347, 0, '08ac153d-db88-4a5c-b6f0-0433a8c29dac', CONVERT(DATETIME, '2016-10-01 00:00:00', 120)),
(277, 348, 0, '08ac153d-db88-4a5c-b6f0-0433a8c29dac', CONVERT(DATETIME, '2016-10-01 00:00:00', 120)),
(278, 349, 0, '08ac153d-db88-4a5c-b6f0-0433a8c29dac', CONVERT(DATETIME, '2016-10-01 00:00:00', 120)),
(279, 350, 0, '08ac153d-db88-4a5c-b6f0-0433a8c29dac', CONVERT(DATETIME, '2016-10-01 00:00:00', 120)),
(280, 351, 0, '08ac153d-db88-4a5c-b6f0-0433a8c29dac', CONVERT(DATETIME, '2016-10-01 00:00:00', 120)),
(281, 352, 0, '08ac153d-db88-4a5c-b6f0-0433a8c29dac', CONVERT(DATETIME, '2016-10-01 00:00:00', 120)),
(282, 353, 1, '08ac153d-db88-4a5c-b6f0-0433a8c29dac', CONVERT(DATETIME, '2016-10-01 00:00:00', 120)),
(283, 354, 1, '08ac153d-db88-4a5c-b6f0-0433a8c29dac', CONVERT(DATETIME, '2016-10-01 00:00:00', 120)),
(284, 355, 1, '08ac153d-db88-4a5c-b6f0-0433a8c29dac', CONVERT(DATETIME, '2016-10-01 00:00:00', 120)),
(285, 356, 1, '08ac153d-db88-4a5c-b6f0-0433a8c29dac', CONVERT(DATETIME, '2016-10-01 00:00:00', 120)),
(286, 357, 0, '08ac153d-db88-4a5c-b6f0-0433a8c29dac', CONVERT(DATETIME, '2016-10-01 00:00:00', 120)),
(287, 358, 0, '08ac153d-db88-4a5c-b6f0-0433a8c29dac', CONVERT(DATETIME, '2016-10-01 00:00:00', 120)),
(288, 359, 0, '08ac153d-db88-4a5c-b6f0-0433a8c29dac', CONVERT(DATETIME, '2016-10-01 00:00:00', 120)),
(289, 360, 0, '08ac153d-db88-4a5c-b6f0-0433a8c29dac', CONVERT(DATETIME, '2016-10-01 00:00:00', 120)),
(290, 361, 2, '08ac153d-db88-4a5c-b6f0-0433a8c29dac', CONVERT(DATETIME, '2016-10-01 00:00:00', 120)),
(291, 362, 2, '08ac153d-db88-4a5c-b6f0-0433a8c29dac', CONVERT(DATETIME, '2016-10-01 00:00:00', 120)),
(292, 363, 2, '08ac153d-db88-4a5c-b6f0-0433a8c29dac', CONVERT(DATETIME, '2016-10-01 00:00:00', 120)),
(293, 364, 2, '08ac153d-db88-4a5c-b6f0-0433a8c29dac', CONVERT(DATETIME, '2016-10-01 00:00:00', 120)),
(294, 365, 0, '08ac153d-db88-4a5c-b6f0-0433a8c29dac', CONVERT(DATETIME, '2016-10-01 00:00:00', 120)),
(295, 366, 0, '08ac153d-db88-4a5c-b6f0-0433a8c29dac', CONVERT(DATETIME, '2016-10-01 00:00:00', 120)),
(296, 367, 0, '08ac153d-db88-4a5c-b6f0-0433a8c29dac', CONVERT(DATETIME, '2016-10-01 00:00:00', 120)),
(297, 368, 0, '08ac153d-db88-4a5c-b6f0-0433a8c29dac', CONVERT(DATETIME, '2016-10-01 00:00:00', 120)),
(298, 369, 2, '08ac153d-db88-4a5c-b6f0-0433a8c29dac', CONVERT(DATETIME, '2016-10-01 00:00:00', 120)),
(299, 370, 2, '08ac153d-db88-4a5c-b6f0-0433a8c29dac', CONVERT(DATETIME, '2016-10-01 00:00:00', 120)),
(300, 371, 2, '08ac153d-db88-4a5c-b6f0-0433a8c29dac', CONVERT(DATETIME, '2016-10-01 00:00:00', 120)),
(301, 372, 2, '08ac153d-db88-4a5c-b6f0-0433a8c29dac', CONVERT(DATETIME, '2016-10-01 00:00:00', 120)),
(302, 373, 0, '08ac153d-db88-4a5c-b6f0-0433a8c29dac', CONVERT(DATETIME, '2016-10-01 00:00:00', 120)),
(303, 374, 0, '08ac153d-db88-4a5c-b6f0-0433a8c29dac', CONVERT(DATETIME, '2016-10-01 00:00:00', 120)),
(304, 375, 0, '08ac153d-db88-4a5c-b6f0-0433a8c29dac', CONVERT(DATETIME, '2016-10-01 00:00:00', 120)),
(305, 376, 0, '08ac153d-db88-4a5c-b6f0-0433a8c29dac', CONVERT(DATETIME, '2016-10-01 00:00:00', 120)),
(306, 377, 2, '08ac153d-db88-4a5c-b6f0-0433a8c29dac', CONVERT(DATETIME, '2016-10-01 00:00:00', 120)),
(307, 378, 2, '08ac153d-db88-4a5c-b6f0-0433a8c29dac', CONVERT(DATETIME, '2016-10-01 00:00:00', 120)),
(308, 379, 2, '08ac153d-db88-4a5c-b6f0-0433a8c29dac', CONVERT(DATETIME, '2016-10-01 00:00:00', 120)),
(309, 380, 2, '08ac153d-db88-4a5c-b6f0-0433a8c29dac', CONVERT(DATETIME, '2016-10-01 00:00:00', 120)),
(310, 381, 0, '08ac153d-db88-4a5c-b6f0-0433a8c29dac', CONVERT(DATETIME, '2016-10-01 00:00:00', 120)),
(311, 382, 0, '08ac153d-db88-4a5c-b6f0-0433a8c29dac', CONVERT(DATETIME, '2016-10-01 00:00:00', 120)),
(312, 383, 0, '08ac153d-db88-4a5c-b6f0-0433a8c29dac', CONVERT(DATETIME, '2016-10-01 00:00:00', 120)),
(313, 384, 0, '08ac153d-db88-4a5c-b6f0-0433a8c29dac', CONVERT(DATETIME, '2016-10-01 00:00:00', 120)),
(314, 385, 2, '08ac153d-db88-4a5c-b6f0-0433a8c29dac', CONVERT(DATETIME, '2016-10-01 00:00:00', 120)),
(315, 386, 2, '08ac153d-db88-4a5c-b6f0-0433a8c29dac', CONVERT(DATETIME, '2016-10-01 00:00:00', 120)),
(316, 387, 2, '08ac153d-db88-4a5c-b6f0-0433a8c29dac', CONVERT(DATETIME, '2016-10-01 00:00:00', 120)),
(317, 388, 2, '08ac153d-db88-4a5c-b6f0-0433a8c29dac', CONVERT(DATETIME, '2016-10-01 00:00:00', 120)),
(318, 389, 0, '08ac153d-db88-4a5c-b6f0-0433a8c29dac', CONVERT(DATETIME, '2016-10-01 00:00:00', 120)),
(319, 390, 0, '08ac153d-db88-4a5c-b6f0-0433a8c29dac', CONVERT(DATETIME, '2016-10-01 00:00:00', 120)),
(320, 391, 0, '08ac153d-db88-4a5c-b6f0-0433a8c29dac', CONVERT(DATETIME, '2016-10-01 00:00:00', 120)),
(321, 392, 0, '08ac153d-db88-4a5c-b6f0-0433a8c29dac', CONVERT(DATETIME, '2016-10-01 00:00:00', 120)),
(322, 393, 0, '08ac153d-db88-4a5c-b6f0-0433a8c29dac', CONVERT(DATETIME, '2016-10-01 00:00:00', 120)),
(323, 394, 0, '08ac153d-db88-4a5c-b6f0-0433a8c29dac', CONVERT(DATETIME, '2016-10-01 00:00:00', 120)),
(324, 395, 0, '08ac153d-db88-4a5c-b6f0-0433a8c29dac', CONVERT(DATETIME, '2016-10-01 00:00:00', 120)),
(325, 396, 0, '08ac153d-db88-4a5c-b6f0-0433a8c29dac', CONVERT(DATETIME, '2016-10-01 00:00:00', 120)),
(326, 401, 0, '08ac153d-db88-4a5c-b6f0-0433a8c29dac', CONVERT(DATETIME, '2016-10-01 00:00:00', 120)),
(327, 402, 0, '08ac153d-db88-4a5c-b6f0-0433a8c29dac', CONVERT(DATETIME, '2016-10-01 00:00:00', 120)),
(328, 403, 0, '08ac153d-db88-4a5c-b6f0-0433a8c29dac', CONVERT(DATETIME, '2016-10-01 00:00:00', 120)),
(329, 404, 0, '08ac153d-db88-4a5c-b6f0-0433a8c29dac', CONVERT(DATETIME, '2016-10-01 00:00:00', 120)),
(330, 405, 0, '08ac153d-db88-4a5c-b6f0-0433a8c29dac', CONVERT(DATETIME, '2016-10-01 00:00:00', 120)),
(331, 406, 0, '08ac153d-db88-4a5c-b6f0-0433a8c29dac', CONVERT(DATETIME, '2016-10-01 00:00:00', 120)),
(332, 407, 0, '08ac153d-db88-4a5c-b6f0-0433a8c29dac', CONVERT(DATETIME, '2016-10-01 00:00:00', 120)),
(333, 408, 0, '08ac153d-db88-4a5c-b6f0-0433a8c29dac', CONVERT(DATETIME, '2016-10-01 00:00:00', 120)),
(334, 409, 0, '08ac153d-db88-4a5c-b6f0-0433a8c29dac', CONVERT(DATETIME, '2016-10-01 00:00:00', 120)),
(335, 410, 0, '08ac153d-db88-4a5c-b6f0-0433a8c29dac', CONVERT(DATETIME, '2016-10-01 00:00:00', 120)),
(336, 411, 0, '08ac153d-db88-4a5c-b6f0-0433a8c29dac', CONVERT(DATETIME, '2016-10-01 00:00:00', 120)),
(337, 412, 0, '08ac153d-db88-4a5c-b6f0-0433a8c29dac', CONVERT(DATETIME, '2016-10-01 00:00:00', 120)),
(338, 413, 1, '08ac153d-db88-4a5c-b6f0-0433a8c29dac', CONVERT(DATETIME, '2016-10-01 00:00:00', 120)),
(339, 414, 1, '08ac153d-db88-4a5c-b6f0-0433a8c29dac', CONVERT(DATETIME, '2016-10-01 00:00:00', 120)),
(340, 415, 1, '08ac153d-db88-4a5c-b6f0-0433a8c29dac', CONVERT(DATETIME, '2016-10-01 00:00:00', 120)),
(341, 416, 1, '08ac153d-db88-4a5c-b6f0-0433a8c29dac', CONVERT(DATETIME, '2016-10-01 00:00:00', 120)),
(342, 417, 0, '08ac153d-db88-4a5c-b6f0-0433a8c29dac', CONVERT(DATETIME, '2016-10-01 00:00:00', 120)),
(343, 418, 0, '08ac153d-db88-4a5c-b6f0-0433a8c29dac', CONVERT(DATETIME, '2016-10-01 00:00:00', 120)),
(344, 419, 0, '08ac153d-db88-4a5c-b6f0-0433a8c29dac', CONVERT(DATETIME, '2016-10-01 00:00:00', 120)),
(345, 420, 0, '08ac153d-db88-4a5c-b6f0-0433a8c29dac', CONVERT(DATETIME, '2016-10-01 00:00:00', 120)),
(346, 421, 1, '08ac153d-db88-4a5c-b6f0-0433a8c29dac', CONVERT(DATETIME, '2016-10-01 00:00:00', 120)),
(347, 422, 1, '08ac153d-db88-4a5c-b6f0-0433a8c29dac', CONVERT(DATETIME, '2016-10-01 00:00:00', 120)),
(348, 423, 1, '08ac153d-db88-4a5c-b6f0-0433a8c29dac', CONVERT(DATETIME, '2016-10-01 00:00:00', 120)),
(349, 424, 1, '08ac153d-db88-4a5c-b6f0-0433a8c29dac', CONVERT(DATETIME, '2016-10-01 00:00:00', 120)),
(350, 425, 0, '08ac153d-db88-4a5c-b6f0-0433a8c29dac', CONVERT(DATETIME, '2016-10-01 00:00:00', 120)),
(351, 426, 0, '08ac153d-db88-4a5c-b6f0-0433a8c29dac', CONVERT(DATETIME, '2016-10-01 00:00:00', 120)),
(352, 427, 0, '08ac153d-db88-4a5c-b6f0-0433a8c29dac', CONVERT(DATETIME, '2016-10-01 00:00:00', 120)),
(353, 428, 0, '08ac153d-db88-4a5c-b6f0-0433a8c29dac', CONVERT(DATETIME, '2016-10-01 00:00:00', 120)),
(354, 429, 1, '08ac153d-db88-4a5c-b6f0-0433a8c29dac', CONVERT(DATETIME, '2016-10-01 00:00:00', 120)),
(355, 430, 1, '08ac153d-db88-4a5c-b6f0-0433a8c29dac', CONVERT(DATETIME, '2016-10-01 00:00:00', 120)),
(356, 431, 1, '08ac153d-db88-4a5c-b6f0-0433a8c29dac', CONVERT(DATETIME, '2016-10-01 00:00:00', 120)),
(357, 432, 1, '08ac153d-db88-4a5c-b6f0-0433a8c29dac', CONVERT(DATETIME, '2016-10-01 00:00:00', 120)),
(358, 433, 0, '08ac153d-db88-4a5c-b6f0-0433a8c29dac', CONVERT(DATETIME, '2016-10-01 00:00:00', 120)),
(359, 434, 0, '08ac153d-db88-4a5c-b6f0-0433a8c29dac', CONVERT(DATETIME, '2016-10-01 00:00:00', 120)),
(360, 435, 0, '08ac153d-db88-4a5c-b6f0-0433a8c29dac', CONVERT(DATETIME, '2016-10-01 00:00:00', 120)),
(361, 436, 0, '08ac153d-db88-4a5c-b6f0-0433a8c29dac', CONVERT(DATETIME, '2016-10-01 00:00:00', 120)),
(362, 437, 0, '08ac153d-db88-4a5c-b6f0-0433a8c29dac', CONVERT(DATETIME, '2016-10-01 00:00:00', 120)),
(363, 438, 0, '08ac153d-db88-4a5c-b6f0-0433a8c29dac', CONVERT(DATETIME, '2016-10-01 00:00:00', 120)),
(364, 439, 0, '08ac153d-db88-4a5c-b6f0-0433a8c29dac', CONVERT(DATETIME, '2016-10-01 00:00:00', 120)),
(365, 440, 0, '08ac153d-db88-4a5c-b6f0-0433a8c29dac', CONVERT(DATETIME, '2016-10-01 00:00:00', 120)),
(366, 441, 0, '08ac153d-db88-4a5c-b6f0-0433a8c29dac', CONVERT(DATETIME, '2016-10-01 00:00:00', 120)),
(367, 442, 0, '08ac153d-db88-4a5c-b6f0-0433a8c29dac', CONVERT(DATETIME, '2016-10-01 00:00:00', 120)),
(368, 443, 0, '08ac153d-db88-4a5c-b6f0-0433a8c29dac', CONVERT(DATETIME, '2016-10-01 00:00:00', 120)),
(369, 444, 0, '08ac153d-db88-4a5c-b6f0-0433a8c29dac', CONVERT(DATETIME, '2016-10-01 00:00:00', 120)),
(370, 445, 0, '08ac153d-db88-4a5c-b6f0-0433a8c29dac', CONVERT(DATETIME, '2016-10-01 00:00:00', 120)),
(371, 446, 0, '08ac153d-db88-4a5c-b6f0-0433a8c29dac', CONVERT(DATETIME, '2016-10-01 00:00:00', 120)),
(372, 447, 0, '08ac153d-db88-4a5c-b6f0-0433a8c29dac', CONVERT(DATETIME, '2016-10-01 00:00:00', 120)),
(373, 448, 0, '08ac153d-db88-4a5c-b6f0-0433a8c29dac', CONVERT(DATETIME, '2016-10-01 00:00:00', 120)),
(374, 449, 1, '08ac153d-db88-4a5c-b6f0-0433a8c29dac', CONVERT(DATETIME, '2016-10-01 00:00:00', 120)),
(375, 450, 1, '08ac153d-db88-4a5c-b6f0-0433a8c29dac', CONVERT(DATETIME, '2016-10-01 00:00:00', 120)),
(376, 451, 1, '08ac153d-db88-4a5c-b6f0-0433a8c29dac', CONVERT(DATETIME, '2016-10-01 00:00:00', 120)),
(377, 452, 1, '08ac153d-db88-4a5c-b6f0-0433a8c29dac', CONVERT(DATETIME, '2016-10-01 00:00:00', 120)),
(378, 453, 1, '08ac153d-db88-4a5c-b6f0-0433a8c29dac', CONVERT(DATETIME, '2016-10-01 00:00:00', 120)),
(379, 454, 1, '08ac153d-db88-4a5c-b6f0-0433a8c29dac', CONVERT(DATETIME, '2016-10-01 00:00:00', 120)),
(380, 455, 1, '08ac153d-db88-4a5c-b6f0-0433a8c29dac', CONVERT(DATETIME, '2016-10-01 00:00:00', 120)),
(381, 456, 1, '08ac153d-db88-4a5c-b6f0-0433a8c29dac', CONVERT(DATETIME, '2016-10-01 00:00:00', 120)),
(382, 457, 0, '08ac153d-db88-4a5c-b6f0-0433a8c29dac', CONVERT(DATETIME, '2016-10-01 00:00:00', 120)),
(383, 458, 0, '08ac153d-db88-4a5c-b6f0-0433a8c29dac', CONVERT(DATETIME, '2016-10-01 00:00:00', 120)),
(384, 459, 0, '08ac153d-db88-4a5c-b6f0-0433a8c29dac', CONVERT(DATETIME, '2016-10-01 00:00:00', 120)),
(385, 460, 0, '08ac153d-db88-4a5c-b6f0-0433a8c29dac', CONVERT(DATETIME, '2016-10-01 00:00:00', 120)),
(386, 461, 0, '08ac153d-db88-4a5c-b6f0-0433a8c29dac', CONVERT(DATETIME, '2016-10-01 00:00:00', 120)),
(387, 462, 0, '08ac153d-db88-4a5c-b6f0-0433a8c29dac', CONVERT(DATETIME, '2016-10-01 00:00:00', 120)),
(388, 463, 0, '08ac153d-db88-4a5c-b6f0-0433a8c29dac', CONVERT(DATETIME, '2016-10-01 00:00:00', 120)),
(389, 464, 0, '08ac153d-db88-4a5c-b6f0-0433a8c29dac', CONVERT(DATETIME, '2016-10-01 00:00:00', 120)),
(390, 465, 1, '08ac153d-db88-4a5c-b6f0-0433a8c29dac', CONVERT(DATETIME, '2016-10-01 00:00:00', 120)),
(391, 466, 1, '08ac153d-db88-4a5c-b6f0-0433a8c29dac', CONVERT(DATETIME, '2016-10-01 00:00:00', 120)),
(392, 467, 1, '08ac153d-db88-4a5c-b6f0-0433a8c29dac', CONVERT(DATETIME, '2016-10-01 00:00:00', 120)),
(393, 468, 1, '08ac153d-db88-4a5c-b6f0-0433a8c29dac', CONVERT(DATETIME, '2016-10-01 00:00:00', 120)),
(394, 469, 0, '08ac153d-db88-4a5c-b6f0-0433a8c29dac', CONVERT(DATETIME, '2016-10-01 00:00:00', 120)),
(395, 470, 0, '08ac153d-db88-4a5c-b6f0-0433a8c29dac', CONVERT(DATETIME, '2016-10-01 00:00:00', 120)),
(396, 471, 0, '08ac153d-db88-4a5c-b6f0-0433a8c29dac', CONVERT(DATETIME, '2016-10-01 00:00:00', 120)),
(397, 472, 0, '08ac153d-db88-4a5c-b6f0-0433a8c29dac', CONVERT(DATETIME, '2016-10-01 00:00:00', 120)),
(398, 473, 0, '08ac153d-db88-4a5c-b6f0-0433a8c29dac', CONVERT(DATETIME, '2016-10-01 00:00:00', 120)),
(399, 474, 0, '08ac153d-db88-4a5c-b6f0-0433a8c29dac', CONVERT(DATETIME, '2016-10-01 00:00:00', 120)),
(400, 475, 0, '08ac153d-db88-4a5c-b6f0-0433a8c29dac', CONVERT(DATETIME, '2016-10-01 00:00:00', 120)),
(401, 476, 0, '08ac153d-db88-4a5c-b6f0-0433a8c29dac', CONVERT(DATETIME, '2016-10-01 00:00:00', 120)),
(402, 477, 0, '08ac153d-db88-4a5c-b6f0-0433a8c29dac', CONVERT(DATETIME, '2016-10-01 00:00:00', 120)),
(403, 478, 0, '08ac153d-db88-4a5c-b6f0-0433a8c29dac', CONVERT(DATETIME, '2016-10-01 00:00:00', 120)),
(404, 479, 0, '08ac153d-db88-4a5c-b6f0-0433a8c29dac', CONVERT(DATETIME, '2016-10-01 00:00:00', 120)),
(405, 480, 0, '08ac153d-db88-4a5c-b6f0-0433a8c29dac', CONVERT(DATETIME, '2016-10-01 00:00:00', 120)),
(406, 481, 0, '08ac153d-db88-4a5c-b6f0-0433a8c29dac', CONVERT(DATETIME, '2016-10-01 00:00:00', 120)),
(407, 482, 0, '08ac153d-db88-4a5c-b6f0-0433a8c29dac', CONVERT(DATETIME, '2016-10-01 00:00:00', 120)),
(408, 483, 0, '08ac153d-db88-4a5c-b6f0-0433a8c29dac', CONVERT(DATETIME, '2016-10-01 00:00:00', 120)),
(409, 484, 0, '08ac153d-db88-4a5c-b6f0-0433a8c29dac', CONVERT(DATETIME, '2016-10-01 00:00:00', 120)),
(410, 485, 0, '08ac153d-db88-4a5c-b6f0-0433a8c29dac', CONVERT(DATETIME, '2016-10-01 00:00:00', 120)),
(411, 486, 0, '08ac153d-db88-4a5c-b6f0-0433a8c29dac', CONVERT(DATETIME, '2016-10-01 00:00:00', 120)),
(412, 487, 0, '08ac153d-db88-4a5c-b6f0-0433a8c29dac', CONVERT(DATETIME, '2016-10-01 00:00:00', 120)),
(413, 488, 0, '08ac153d-db88-4a5c-b6f0-0433a8c29dac', CONVERT(DATETIME, '2016-10-01 00:00:00', 120)),
(414, 489, 0, '08ac153d-db88-4a5c-b6f0-0433a8c29dac', CONVERT(DATETIME, '2016-10-01 00:00:00', 120)),
(415, 490, 0, '08ac153d-db88-4a5c-b6f0-0433a8c29dac', CONVERT(DATETIME, '2016-10-01 00:00:00', 120)),
(416, 491, 0, '08ac153d-db88-4a5c-b6f0-0433a8c29dac', CONVERT(DATETIME, '2016-10-01 00:00:00', 120)),
(417, 492, 0, '08ac153d-db88-4a5c-b6f0-0433a8c29dac', CONVERT(DATETIME, '2016-10-01 00:00:00', 120)),
(418, 493, 1, '08ac153d-db88-4a5c-b6f0-0433a8c29dac', CONVERT(DATETIME, '2016-10-01 00:00:00', 120)),
(419, 494, 1, '08ac153d-db88-4a5c-b6f0-0433a8c29dac', CONVERT(DATETIME, '2016-10-01 00:00:00', 120)),
(420, 495, 1, '08ac153d-db88-4a5c-b6f0-0433a8c29dac', CONVERT(DATETIME, '2016-10-01 00:00:00', 120)),
(421, 496, 1, '08ac153d-db88-4a5c-b6f0-0433a8c29dac', CONVERT(DATETIME, '2016-10-01 00:00:00', 120)),
(422, 497, 0, '08ac153d-db88-4a5c-b6f0-0433a8c29dac', CONVERT(DATETIME, '2016-10-01 00:00:00', 120)),
(423, 498, 0, '08ac153d-db88-4a5c-b6f0-0433a8c29dac', CONVERT(DATETIME, '2016-10-01 00:00:00', 120)),
(424, 499, 0, '08ac153d-db88-4a5c-b6f0-0433a8c29dac', CONVERT(DATETIME, '2016-10-01 00:00:00', 120)),
(425, 500, 0, '08ac153d-db88-4a5c-b6f0-0433a8c29dac', CONVERT(DATETIME, '2016-10-01 00:00:00', 120)),
(426, 501, 0, '08ac153d-db88-4a5c-b6f0-0433a8c29dac', CONVERT(DATETIME, '2016-10-01 00:00:00', 120)),
(427, 502, 0, '08ac153d-db88-4a5c-b6f0-0433a8c29dac', CONVERT(DATETIME, '2016-10-01 00:00:00', 120)),
(428, 503, 0, '08ac153d-db88-4a5c-b6f0-0433a8c29dac', CONVERT(DATETIME, '2016-10-01 00:00:00', 120)),
(429, 504, 0, '08ac153d-db88-4a5c-b6f0-0433a8c29dac', CONVERT(DATETIME, '2016-10-01 00:00:00', 120)),
(430, 505, 0, '08ac153d-db88-4a5c-b6f0-0433a8c29dac', CONVERT(DATETIME, '2016-10-01 00:00:00', 120)),
(431, 506, 0, '08ac153d-db88-4a5c-b6f0-0433a8c29dac', CONVERT(DATETIME, '2016-10-01 00:00:00', 120)),
(432, 507, 0, '08ac153d-db88-4a5c-b6f0-0433a8c29dac', CONVERT(DATETIME, '2016-10-01 00:00:00', 120)),
(433, 508, 0, '08ac153d-db88-4a5c-b6f0-0433a8c29dac', CONVERT(DATETIME, '2016-10-01 00:00:00', 120)),
(434, 509, 1, '08ac153d-db88-4a5c-b6f0-0433a8c29dac', CONVERT(DATETIME, '2016-10-01 00:00:00', 120)),
(435, 510, 1, '08ac153d-db88-4a5c-b6f0-0433a8c29dac', CONVERT(DATETIME, '2016-10-01 00:00:00', 120)),
(436, 511, 1, '08ac153d-db88-4a5c-b6f0-0433a8c29dac', CONVERT(DATETIME, '2016-10-01 00:00:00', 120)),
(437, 512, 1, '08ac153d-db88-4a5c-b6f0-0433a8c29dac', CONVERT(DATETIME, '2016-10-01 00:00:00', 120)),
(438, 513, 1, '08ac153d-db88-4a5c-b6f0-0433a8c29dac', CONVERT(DATETIME, '2016-10-01 00:00:00', 120)),
(439, 514, 1, '08ac153d-db88-4a5c-b6f0-0433a8c29dac', CONVERT(DATETIME, '2016-10-01 00:00:00', 120)),
(440, 515, 1, '08ac153d-db88-4a5c-b6f0-0433a8c29dac', CONVERT(DATETIME, '2016-10-01 00:00:00', 120)),
(441, 516, 1, '08ac153d-db88-4a5c-b6f0-0433a8c29dac', CONVERT(DATETIME, '2016-10-01 00:00:00', 120)),
(442, 517, 0, '08ac153d-db88-4a5c-b6f0-0433a8c29dac', CONVERT(DATETIME, '2016-10-01 00:00:00', 120)),
(443, 518, 0, '08ac153d-db88-4a5c-b6f0-0433a8c29dac', CONVERT(DATETIME, '2016-10-01 00:00:00', 120)),
(444, 519, 0, '08ac153d-db88-4a5c-b6f0-0433a8c29dac', CONVERT(DATETIME, '2016-10-01 00:00:00', 120)),
(445, 520, 0, '08ac153d-db88-4a5c-b6f0-0433a8c29dac', CONVERT(DATETIME, '2016-10-01 00:00:00', 120)),
(446, 521, 1, '08ac153d-db88-4a5c-b6f0-0433a8c29dac', CONVERT(DATETIME, '2016-10-01 00:00:00', 120)),
(447, 522, 1, '08ac153d-db88-4a5c-b6f0-0433a8c29dac', CONVERT(DATETIME, '2016-10-01 00:00:00', 120)),
(448, 523, 1, '08ac153d-db88-4a5c-b6f0-0433a8c29dac', CONVERT(DATETIME, '2016-10-01 00:00:00', 120)),
(449, 524, 1, '08ac153d-db88-4a5c-b6f0-0433a8c29dac', CONVERT(DATETIME, '2016-10-01 00:00:00', 120)),
(450, 525, 0, '08ac153d-db88-4a5c-b6f0-0433a8c29dac', CONVERT(DATETIME, '2016-10-01 00:00:00', 120)),
(451, 526, 0, '08ac153d-db88-4a5c-b6f0-0433a8c29dac', CONVERT(DATETIME, '2016-10-01 00:00:00', 120)),
(452, 527, 0, '08ac153d-db88-4a5c-b6f0-0433a8c29dac', CONVERT(DATETIME, '2016-10-01 00:00:00', 120)),
(453, 528, 0, '08ac153d-db88-4a5c-b6f0-0433a8c29dac', CONVERT(DATETIME, '2016-10-01 00:00:00', 120)),
(454, 529, 0, '08ac153d-db88-4a5c-b6f0-0433a8c29dac', CONVERT(DATETIME, '2016-10-01 00:00:00', 120)),
(455, 530, 0, '08ac153d-db88-4a5c-b6f0-0433a8c29dac', CONVERT(DATETIME, '2016-10-01 00:00:00', 120)),
(456, 531, 0, '08ac153d-db88-4a5c-b6f0-0433a8c29dac', CONVERT(DATETIME, '2016-10-01 00:00:00', 120)),
(457, 532, 0, '08ac153d-db88-4a5c-b6f0-0433a8c29dac', CONVERT(DATETIME, '2016-10-01 00:00:00', 120)),
(458, 533, 0, '08ac153d-db88-4a5c-b6f0-0433a8c29dac', CONVERT(DATETIME, '2016-10-01 00:00:00', 120)),
(459, 534, 0, '08ac153d-db88-4a5c-b6f0-0433a8c29dac', CONVERT(DATETIME, '2016-10-01 00:00:00', 120)),
(460, 535, 0, '08ac153d-db88-4a5c-b6f0-0433a8c29dac', CONVERT(DATETIME, '2016-10-01 00:00:00', 120)),
(461, 536, 0, '08ac153d-db88-4a5c-b6f0-0433a8c29dac', CONVERT(DATETIME, '2016-10-01 00:00:00', 120)),
(462, 537, 0, '08ac153d-db88-4a5c-b6f0-0433a8c29dac', CONVERT(DATETIME, '2016-10-01 00:00:00', 120)),
(463, 538, 0, '08ac153d-db88-4a5c-b6f0-0433a8c29dac', CONVERT(DATETIME, '2016-10-01 00:00:00', 120)),
(464, 539, 0, '08ac153d-db88-4a5c-b6f0-0433a8c29dac', CONVERT(DATETIME, '2016-10-01 00:00:00', 120)),
(465, 540, 0, '08ac153d-db88-4a5c-b6f0-0433a8c29dac', CONVERT(DATETIME, '2016-10-01 00:00:00', 120)),
(466, 541, 0, '08ac153d-db88-4a5c-b6f0-0433a8c29dac', CONVERT(DATETIME, '2016-10-01 00:00:00', 120)),
(467, 542, 0, '08ac153d-db88-4a5c-b6f0-0433a8c29dac', CONVERT(DATETIME, '2016-10-01 00:00:00', 120)),
(468, 543, 0, '08ac153d-db88-4a5c-b6f0-0433a8c29dac', CONVERT(DATETIME, '2016-10-01 00:00:00', 120)),
(469, 544, 0, '08ac153d-db88-4a5c-b6f0-0433a8c29dac', CONVERT(DATETIME, '2016-10-01 00:00:00', 120)),
(470, 545, 0, '08ac153d-db88-4a5c-b6f0-0433a8c29dac', CONVERT(DATETIME, '2016-10-01 00:00:00', 120)),
(471, 546, 0, '08ac153d-db88-4a5c-b6f0-0433a8c29dac', CONVERT(DATETIME, '2016-10-01 00:00:00', 120)),
(472, 547, 0, '08ac153d-db88-4a5c-b6f0-0433a8c29dac', CONVERT(DATETIME, '2016-10-01 00:00:00', 120)),
(473, 548, 0, '08ac153d-db88-4a5c-b6f0-0433a8c29dac', CONVERT(DATETIME, '2016-10-01 00:00:00', 120)),
(474, 549, 1, '08ac153d-db88-4a5c-b6f0-0433a8c29dac', CONVERT(DATETIME, '2016-10-01 00:00:00', 120)),
(475, 550, 1, '08ac153d-db88-4a5c-b6f0-0433a8c29dac', CONVERT(DATETIME, '2016-10-01 00:00:00', 120)),
(476, 551, 1, '08ac153d-db88-4a5c-b6f0-0433a8c29dac', CONVERT(DATETIME, '2016-10-01 00:00:00', 120)),
(477, 552, 1, '08ac153d-db88-4a5c-b6f0-0433a8c29dac', CONVERT(DATETIME, '2016-10-01 00:00:00', 120)),
(478, 553, 0, '08ac153d-db88-4a5c-b6f0-0433a8c29dac', CONVERT(DATETIME, '2016-10-01 00:00:00', 120)),
(479, 554, 0, '08ac153d-db88-4a5c-b6f0-0433a8c29dac', CONVERT(DATETIME, '2016-10-01 00:00:00', 120)),
(480, 555, 0, '08ac153d-db88-4a5c-b6f0-0433a8c29dac', CONVERT(DATETIME, '2016-10-01 00:00:00', 120)),
(481, 556, 0, '08ac153d-db88-4a5c-b6f0-0433a8c29dac', CONVERT(DATETIME, '2016-10-01 00:00:00', 120)),
(482, 557, 0, '08ac153d-db88-4a5c-b6f0-0433a8c29dac', CONVERT(DATETIME, '2016-10-01 00:00:00', 120)),
(483, 558, 0, '08ac153d-db88-4a5c-b6f0-0433a8c29dac', CONVERT(DATETIME, '2016-10-01 00:00:00', 120)),
(484, 559, 0, '08ac153d-db88-4a5c-b6f0-0433a8c29dac', CONVERT(DATETIME, '2016-10-01 00:00:00', 120)),
(485, 560, 0, '08ac153d-db88-4a5c-b6f0-0433a8c29dac', CONVERT(DATETIME, '2016-10-01 00:00:00', 120)),
(486, 561, 1, '08ac153d-db88-4a5c-b6f0-0433a8c29dac', CONVERT(DATETIME, '2016-10-01 00:00:00', 120)),
(487, 562, 1, '08ac153d-db88-4a5c-b6f0-0433a8c29dac', CONVERT(DATETIME, '2016-10-01 00:00:00', 120)),
(488, 563, 1, '08ac153d-db88-4a5c-b6f0-0433a8c29dac', CONVERT(DATETIME, '2016-10-01 00:00:00', 120)),
(489, 564, 1, '08ac153d-db88-4a5c-b6f0-0433a8c29dac', CONVERT(DATETIME, '2016-10-01 00:00:00', 120)),
(490, 565, 0, '08ac153d-db88-4a5c-b6f0-0433a8c29dac', CONVERT(DATETIME, '2016-10-01 00:00:00', 120)),
(491, 566, 0, '08ac153d-db88-4a5c-b6f0-0433a8c29dac', CONVERT(DATETIME, '2016-10-01 00:00:00', 120)),
(492, 567, 0, '08ac153d-db88-4a5c-b6f0-0433a8c29dac', CONVERT(DATETIME, '2016-10-01 00:00:00', 120)),
(493, 568, 0, '08ac153d-db88-4a5c-b6f0-0433a8c29dac', CONVERT(DATETIME, '2016-10-01 00:00:00', 120)),
(494, 569, 0, '08ac153d-db88-4a5c-b6f0-0433a8c29dac', CONVERT(DATETIME, '2016-10-01 00:00:00', 120)),
(495, 570, 0, '08ac153d-db88-4a5c-b6f0-0433a8c29dac', CONVERT(DATETIME, '2016-10-01 00:00:00', 120)),
(496, 571, 0, '08ac153d-db88-4a5c-b6f0-0433a8c29dac', CONVERT(DATETIME, '2016-10-01 00:00:00', 120)),
(497, 572, 0, '08ac153d-db88-4a5c-b6f0-0433a8c29dac', CONVERT(DATETIME, '2016-10-01 00:00:00', 120)),
(498, 573, 0, '08ac153d-db88-4a5c-b6f0-0433a8c29dac', CONVERT(DATETIME, '2016-10-01 00:00:00', 120)),
(499, 574, 0, '08ac153d-db88-4a5c-b6f0-0433a8c29dac', CONVERT(DATETIME, '2016-10-01 00:00:00', 120)),
(500, 575, 0, '08ac153d-db88-4a5c-b6f0-0433a8c29dac', CONVERT(DATETIME, '2016-10-01 00:00:00', 120)),
(501, 576, 0, '08ac153d-db88-4a5c-b6f0-0433a8c29dac', CONVERT(DATETIME, '2016-10-01 00:00:00', 120)),
(502, 577, 0, '08ac153d-db88-4a5c-b6f0-0433a8c29dac', CONVERT(DATETIME, '2016-10-01 00:00:00', 120)),
(503, 578, 0, '08ac153d-db88-4a5c-b6f0-0433a8c29dac', CONVERT(DATETIME, '2016-10-01 00:00:00', 120)),
(504, 579, 0, '08ac153d-db88-4a5c-b6f0-0433a8c29dac', CONVERT(DATETIME, '2016-10-01 00:00:00', 120)),
(505, 580, 0, '08ac153d-db88-4a5c-b6f0-0433a8c29dac', CONVERT(DATETIME, '2016-10-01 00:00:00', 120)),
(506, 581, 0, '08ac153d-db88-4a5c-b6f0-0433a8c29dac', CONVERT(DATETIME, '2016-10-01 00:00:00', 120)),
(507, 582, 0, '08ac153d-db88-4a5c-b6f0-0433a8c29dac', CONVERT(DATETIME, '2016-10-01 00:00:00', 120)),
(508, 583, 0, '08ac153d-db88-4a5c-b6f0-0433a8c29dac', CONVERT(DATETIME, '2016-10-01 00:00:00', 120)),
(509, 584, 0, '08ac153d-db88-4a5c-b6f0-0433a8c29dac', CONVERT(DATETIME, '2016-10-01 00:00:00', 120)),
(510, 585, 0, '08ac153d-db88-4a5c-b6f0-0433a8c29dac', CONVERT(DATETIME, '2016-10-01 00:00:00', 120)),
(511, 586, 0, '08ac153d-db88-4a5c-b6f0-0433a8c29dac', CONVERT(DATETIME, '2016-10-01 00:00:00', 120)),
(512, 587, 0, '08ac153d-db88-4a5c-b6f0-0433a8c29dac', CONVERT(DATETIME, '2016-10-01 00:00:00', 120)),
(513, 588, 0, '08ac153d-db88-4a5c-b6f0-0433a8c29dac', CONVERT(DATETIME, '2016-10-01 00:00:00', 120)),
(514, 589, 0, '08ac153d-db88-4a5c-b6f0-0433a8c29dac', CONVERT(DATETIME, '2016-10-01 00:00:00', 120)),
(515, 590, 0, '08ac153d-db88-4a5c-b6f0-0433a8c29dac', CONVERT(DATETIME, '2016-10-01 00:00:00', 120)),
(516, 591, 0, '08ac153d-db88-4a5c-b6f0-0433a8c29dac', CONVERT(DATETIME, '2016-10-01 00:00:00', 120)),
(517, 592, 0, '08ac153d-db88-4a5c-b6f0-0433a8c29dac', CONVERT(DATETIME, '2016-10-01 00:00:00', 120)),
(518, 593, 0, '08ac153d-db88-4a5c-b6f0-0433a8c29dac', CONVERT(DATETIME, '2016-10-01 00:00:00', 120)),
(519, 594, 0, '08ac153d-db88-4a5c-b6f0-0433a8c29dac', CONVERT(DATETIME, '2016-10-01 00:00:00', 120)),
(520, 595, 0, '08ac153d-db88-4a5c-b6f0-0433a8c29dac', CONVERT(DATETIME, '2016-10-01 00:00:00', 120)),
(521, 596, 0, '08ac153d-db88-4a5c-b6f0-0433a8c29dac', CONVERT(DATETIME, '2016-10-01 00:00:00', 120)),
(522, 597, 0, '08ac153d-db88-4a5c-b6f0-0433a8c29dac', CONVERT(DATETIME, '2016-10-01 00:00:00', 120)),
(523, 598, 0, '08ac153d-db88-4a5c-b6f0-0433a8c29dac', CONVERT(DATETIME, '2016-10-01 00:00:00', 120)),
(524, 599, 0, '08ac153d-db88-4a5c-b6f0-0433a8c29dac', CONVERT(DATETIME, '2016-10-01 00:00:00', 120)),
(525, 600, 0, '08ac153d-db88-4a5c-b6f0-0433a8c29dac', CONVERT(DATETIME, '2016-10-01 00:00:00', 120)),
(526, 601, 0, '08ac153d-db88-4a5c-b6f0-0433a8c29dac', CONVERT(DATETIME, '2016-10-01 00:00:00', 120)),
(527, 602, 0, '08ac153d-db88-4a5c-b6f0-0433a8c29dac', CONVERT(DATETIME, '2016-10-01 00:00:00', 120)),
(528, 603, 0, '08ac153d-db88-4a5c-b6f0-0433a8c29dac', CONVERT(DATETIME, '2016-10-01 00:00:00', 120)),
(529, 604, 0, '08ac153d-db88-4a5c-b6f0-0433a8c29dac', CONVERT(DATETIME, '2016-10-01 00:00:00', 120)),
(530, 605, 0, '08ac153d-db88-4a5c-b6f0-0433a8c29dac', CONVERT(DATETIME, '2016-10-01 00:00:00', 120)),
(531, 606, 0, '08ac153d-db88-4a5c-b6f0-0433a8c29dac', CONVERT(DATETIME, '2016-10-01 00:00:00', 120)),
(532, 607, 0, '08ac153d-db88-4a5c-b6f0-0433a8c29dac', CONVERT(DATETIME, '2016-10-01 00:00:00', 120)),
(533, 608, 0, '08ac153d-db88-4a5c-b6f0-0433a8c29dac', CONVERT(DATETIME, '2016-10-01 00:00:00', 120)),
(534, 609, 0, '08ac153d-db88-4a5c-b6f0-0433a8c29dac', CONVERT(DATETIME, '2016-10-01 00:00:00', 120)),
(535, 610, 0, '08ac153d-db88-4a5c-b6f0-0433a8c29dac', CONVERT(DATETIME, '2016-10-01 00:00:00', 120)),
(536, 611, 0, '08ac153d-db88-4a5c-b6f0-0433a8c29dac', CONVERT(DATETIME, '2016-10-01 00:00:00', 120)),
(537, 612, 0, '08ac153d-db88-4a5c-b6f0-0433a8c29dac', CONVERT(DATETIME, '2016-10-01 00:00:00', 120)),
(538, 613, 0, '08ac153d-db88-4a5c-b6f0-0433a8c29dac', CONVERT(DATETIME, '2016-10-01 00:00:00', 120)),
(539, 614, 0, '08ac153d-db88-4a5c-b6f0-0433a8c29dac', CONVERT(DATETIME, '2016-10-01 00:00:00', 120)),
(540, 615, 0, '08ac153d-db88-4a5c-b6f0-0433a8c29dac', CONVERT(DATETIME, '2016-10-01 00:00:00', 120)),
(541, 616, 0, '08ac153d-db88-4a5c-b6f0-0433a8c29dac', CONVERT(DATETIME, '2016-10-01 00:00:00', 120)),
(542, 617, 0, '08ac153d-db88-4a5c-b6f0-0433a8c29dac', CONVERT(DATETIME, '2016-10-01 00:00:00', 120)),
(543, 618, 0, '08ac153d-db88-4a5c-b6f0-0433a8c29dac', CONVERT(DATETIME, '2016-10-01 00:00:00', 120)),
(544, 619, 0, '08ac153d-db88-4a5c-b6f0-0433a8c29dac', CONVERT(DATETIME, '2016-10-01 00:00:00', 120)),
(545, 620, 0, '08ac153d-db88-4a5c-b6f0-0433a8c29dac', CONVERT(DATETIME, '2016-10-01 00:00:00', 120)),
(546, 621, 0, '08ac153d-db88-4a5c-b6f0-0433a8c29dac', CONVERT(DATETIME, '2016-10-01 00:00:00', 120)),
(547, 622, 0, '08ac153d-db88-4a5c-b6f0-0433a8c29dac', CONVERT(DATETIME, '2016-10-01 00:00:00', 120)),
(548, 623, 0, '08ac153d-db88-4a5c-b6f0-0433a8c29dac', CONVERT(DATETIME, '2016-10-01 00:00:00', 120)),
(549, 624, 0, '08ac153d-db88-4a5c-b6f0-0433a8c29dac', CONVERT(DATETIME, '2016-10-01 00:00:00', 120)),
(550, 625, 0, '08ac153d-db88-4a5c-b6f0-0433a8c29dac', CONVERT(DATETIME, '2016-10-01 00:00:00', 120)),
(551, 626, 0, '08ac153d-db88-4a5c-b6f0-0433a8c29dac', CONVERT(DATETIME, '2016-10-01 00:00:00', 120)),
(552, 627, 0, '08ac153d-db88-4a5c-b6f0-0433a8c29dac', CONVERT(DATETIME, '2016-10-01 00:00:00', 120)),
(553, 628, 0, '08ac153d-db88-4a5c-b6f0-0433a8c29dac', CONVERT(DATETIME, '2016-10-01 00:00:00', 120)),
(554, 629, 0, '08ac153d-db88-4a5c-b6f0-0433a8c29dac', CONVERT(DATETIME, '2016-10-01 00:00:00', 120)),
(555, 630, 0, '08ac153d-db88-4a5c-b6f0-0433a8c29dac', CONVERT(DATETIME, '2016-10-01 00:00:00', 120)),
(556, 631, 0, '08ac153d-db88-4a5c-b6f0-0433a8c29dac', CONVERT(DATETIME, '2016-10-01 00:00:00', 120)),
(557, 632, 0, '08ac153d-db88-4a5c-b6f0-0433a8c29dac', CONVERT(DATETIME, '2016-10-01 00:00:00', 120)),
(558, 633, 3, '08ac153d-db88-4a5c-b6f0-0433a8c29dac', CONVERT(DATETIME, '2016-10-01 00:00:00', 120)),
(559, 634, 3, '08ac153d-db88-4a5c-b6f0-0433a8c29dac', CONVERT(DATETIME, '2016-10-01 00:00:00', 120)),
(560, 635, 3, '08ac153d-db88-4a5c-b6f0-0433a8c29dac', CONVERT(DATETIME, '2016-10-01 00:00:00', 120)),
(561, 636, 3, '08ac153d-db88-4a5c-b6f0-0433a8c29dac', CONVERT(DATETIME, '2016-10-01 00:00:00', 120)),
(562, 637, 0, '08ac153d-db88-4a5c-b6f0-0433a8c29dac', CONVERT(DATETIME, '2016-10-01 00:00:00', 120)),
(563, 638, 0, '08ac153d-db88-4a5c-b6f0-0433a8c29dac', CONVERT(DATETIME, '2016-10-01 00:00:00', 120)),
(564, 639, 0, '08ac153d-db88-4a5c-b6f0-0433a8c29dac', CONVERT(DATETIME, '2016-10-01 00:00:00', 120)),
(565, 640, 0, '08ac153d-db88-4a5c-b6f0-0433a8c29dac', CONVERT(DATETIME, '2016-10-01 00:00:00', 120)),
(566, 641, 0, '08ac153d-db88-4a5c-b6f0-0433a8c29dac', CONVERT(DATETIME, '2016-10-01 00:00:00', 120)),
(567, 642, 0, '08ac153d-db88-4a5c-b6f0-0433a8c29dac', CONVERT(DATETIME, '2016-10-01 00:00:00', 120)),
(568, 643, 0, '08ac153d-db88-4a5c-b6f0-0433a8c29dac', CONVERT(DATETIME, '2016-10-01 00:00:00', 120)),
(569, 644, 1, '08ac153d-db88-4a5c-b6f0-0433a8c29dac', CONVERT(DATETIME, '2016-10-01 00:00:00', 120)),
(570, 645, 1, '08ac153d-db88-4a5c-b6f0-0433a8c29dac', CONVERT(DATETIME, '2016-10-01 00:00:00', 120)),
(571, 646, 1, '08ac153d-db88-4a5c-b6f0-0433a8c29dac', CONVERT(DATETIME, '2016-10-01 00:00:00', 120)),
(572, 647, 1, '08ac153d-db88-4a5c-b6f0-0433a8c29dac', CONVERT(DATETIME, '2016-10-01 00:00:00', 120)),
(573, 648, 1, '08ac153d-db88-4a5c-b6f0-0433a8c29dac', CONVERT(DATETIME, '2016-10-01 00:00:00', 120)),
(574, 649, 1, '08ac153d-db88-4a5c-b6f0-0433a8c29dac', CONVERT(DATETIME, '2016-10-01 00:00:00', 120)),
(575, 650, 0, '08ac153d-db88-4a5c-b6f0-0433a8c29dac', CONVERT(DATETIME, '2016-10-01 00:00:00', 120)),
(576, 651, 0, '08ac153d-db88-4a5c-b6f0-0433a8c29dac', CONVERT(DATETIME, '2016-10-01 00:00:00', 120)),
(577, 652, 0, '08ac153d-db88-4a5c-b6f0-0433a8c29dac', CONVERT(DATETIME, '2016-10-01 00:00:00', 120)),
(578, 653, 0, '08ac153d-db88-4a5c-b6f0-0433a8c29dac', CONVERT(DATETIME, '2016-10-01 00:00:00', 120)),
(579, 654, 0, '08ac153d-db88-4a5c-b6f0-0433a8c29dac', CONVERT(DATETIME, '2016-10-01 00:00:00', 120)),
(580, 655, 0, '08ac153d-db88-4a5c-b6f0-0433a8c29dac', CONVERT(DATETIME, '2016-10-01 00:00:00', 120)),
(581, 656, 2, '08ac153d-db88-4a5c-b6f0-0433a8c29dac', CONVERT(DATETIME, '2016-10-01 00:00:00', 120)),
(582, 657, 2, '08ac153d-db88-4a5c-b6f0-0433a8c29dac', CONVERT(DATETIME, '2016-10-01 00:00:00', 120)),
(583, 658, 2, '08ac153d-db88-4a5c-b6f0-0433a8c29dac', CONVERT(DATETIME, '2016-10-01 00:00:00', 120)),
(584, 659, 0, '08ac153d-db88-4a5c-b6f0-0433a8c29dac', CONVERT(DATETIME, '2016-10-01 00:00:00', 120)),
(585, 660, 0, '08ac153d-db88-4a5c-b6f0-0433a8c29dac', CONVERT(DATETIME, '2016-10-01 00:00:00', 120)),
(586, 661, 0, '08ac153d-db88-4a5c-b6f0-0433a8c29dac', CONVERT(DATETIME, '2016-10-01 00:00:00', 120)),
(587, 662, 0, '08ac153d-db88-4a5c-b6f0-0433a8c29dac', CONVERT(DATETIME, '2016-10-01 00:00:00', 120)),
(588, 663, 0, '08ac153d-db88-4a5c-b6f0-0433a8c29dac', CONVERT(DATETIME, '2016-10-01 00:00:00', 120)),
(589, 664, 0, '08ac153d-db88-4a5c-b6f0-0433a8c29dac', CONVERT(DATETIME, '2016-10-01 00:00:00', 120)),
(590, 665, 0, '08ac153d-db88-4a5c-b6f0-0433a8c29dac', CONVERT(DATETIME, '2016-10-01 00:00:00', 120)),
(591, 666, 0, '08ac153d-db88-4a5c-b6f0-0433a8c29dac', CONVERT(DATETIME, '2016-10-01 00:00:00', 120)),
(592, 667, 0, '08ac153d-db88-4a5c-b6f0-0433a8c29dac', CONVERT(DATETIME, '2016-10-01 00:00:00', 120)),
(593, 668, 2, '08ac153d-db88-4a5c-b6f0-0433a8c29dac', CONVERT(DATETIME, '2016-10-01 00:00:00', 120)),
(594, 669, 2, '08ac153d-db88-4a5c-b6f0-0433a8c29dac', CONVERT(DATETIME, '2016-10-01 00:00:00', 120)),
(595, 670, 2, '08ac153d-db88-4a5c-b6f0-0433a8c29dac', CONVERT(DATETIME, '2016-10-01 00:00:00', 120)),
(596, 671, 0, '08ac153d-db88-4a5c-b6f0-0433a8c29dac', CONVERT(DATETIME, '2016-10-01 00:00:00', 120)),
(597, 672, 0, '08ac153d-db88-4a5c-b6f0-0433a8c29dac', CONVERT(DATETIME, '2016-10-01 00:00:00', 120)),
(598, 673, 0, '08ac153d-db88-4a5c-b6f0-0433a8c29dac', CONVERT(DATETIME, '2016-10-01 00:00:00', 120)),
(599, 674, 3, '08ac153d-db88-4a5c-b6f0-0433a8c29dac', CONVERT(DATETIME, '2016-10-01 00:00:00', 120)),
(600, 675, 3, '08ac153d-db88-4a5c-b6f0-0433a8c29dac', CONVERT(DATETIME, '2016-10-01 00:00:00', 120)),
(601, 676, 3, '08ac153d-db88-4a5c-b6f0-0433a8c29dac', CONVERT(DATETIME, '2016-10-01 00:00:00', 120)),
(602, 677, 0, '08ac153d-db88-4a5c-b6f0-0433a8c29dac', CONVERT(DATETIME, '2016-10-01 00:00:00', 120)),
(603, 678, 0, '08ac153d-db88-4a5c-b6f0-0433a8c29dac', CONVERT(DATETIME, '2016-10-01 00:00:00', 120)),
(604, 679, 0, '08ac153d-db88-4a5c-b6f0-0433a8c29dac', CONVERT(DATETIME, '2016-10-01 00:00:00', 120)),
(605, 680, 3, '08ac153d-db88-4a5c-b6f0-0433a8c29dac', CONVERT(DATETIME, '2016-10-01 00:00:00', 120)),
(606, 681, 3, '08ac153d-db88-4a5c-b6f0-0433a8c29dac', CONVERT(DATETIME, '2016-10-01 00:00:00', 120)),
(607, 682, 3, '08ac153d-db88-4a5c-b6f0-0433a8c29dac', CONVERT(DATETIME, '2016-10-01 00:00:00', 120)),
(608, 683, 0, '08ac153d-db88-4a5c-b6f0-0433a8c29dac', CONVERT(DATETIME, '2016-10-01 00:00:00', 120)),
(609, 684, 0, '08ac153d-db88-4a5c-b6f0-0433a8c29dac', CONVERT(DATETIME, '2016-10-01 00:00:00', 120)),
(610, 685, 0, '08ac153d-db88-4a5c-b6f0-0433a8c29dac', CONVERT(DATETIME, '2016-10-01 00:00:00', 120)),
(611, 686, 0, '08ac153d-db88-4a5c-b6f0-0433a8c29dac', CONVERT(DATETIME, '2016-10-01 00:00:00', 120)),
(612, 687, 0, '08ac153d-db88-4a5c-b6f0-0433a8c29dac', CONVERT(DATETIME, '2016-10-01 00:00:00', 120)),
(613, 688, 0, '08ac153d-db88-4a5c-b6f0-0433a8c29dac', CONVERT(DATETIME, '2016-10-01 00:00:00', 120)),
(614, 689, 4, '08ac153d-db88-4a5c-b6f0-0433a8c29dac', CONVERT(DATETIME, '2016-10-01 00:00:00', 120)),
(615, 690, 4, '08ac153d-db88-4a5c-b6f0-0433a8c29dac', CONVERT(DATETIME, '2016-10-01 00:00:00', 120)),
(616, 691, 4, '08ac153d-db88-4a5c-b6f0-0433a8c29dac', CONVERT(DATETIME, '2016-10-01 00:00:00', 120)),
(617, 692, 4, '08ac153d-db88-4a5c-b6f0-0433a8c29dac', CONVERT(DATETIME, '2016-10-01 00:00:00', 120)),
(618, 693, 4, '08ac153d-db88-4a5c-b6f0-0433a8c29dac', CONVERT(DATETIME, '2016-10-01 00:00:00', 120)),
(619, 694, 4, '08ac153d-db88-4a5c-b6f0-0433a8c29dac', CONVERT(DATETIME, '2016-10-01 00:00:00', 120)),
(620, 695, 0, '08ac153d-db88-4a5c-b6f0-0433a8c29dac', CONVERT(DATETIME, '2016-10-01 00:00:00', 120)),
(621, 696, 0, '08ac153d-db88-4a5c-b6f0-0433a8c29dac', CONVERT(DATETIME, '2016-10-01 00:00:00', 120)),
(622, 697, 0, '08ac153d-db88-4a5c-b6f0-0433a8c29dac', CONVERT(DATETIME, '2016-10-01 00:00:00', 120)),
(623, 698, 0, '08ac153d-db88-4a5c-b6f0-0433a8c29dac', CONVERT(DATETIME, '2016-10-01 00:00:00', 120)),
(624, 699, 0, '08ac153d-db88-4a5c-b6f0-0433a8c29dac', CONVERT(DATETIME, '2016-10-01 00:00:00', 120)),
(625, 700, 0, '08ac153d-db88-4a5c-b6f0-0433a8c29dac', CONVERT(DATETIME, '2016-10-01 00:00:00', 120)),

(626, 3, 0, '08ac153d-db88-4a5c-b6f0-0433a8c29dac', CONVERT(DATETIME, '2016-10-01 00:00:00', 120)),
(627, 4, 0, '08ac153d-db88-4a5c-b6f0-0433a8c29dac', CONVERT(DATETIME, '2016-10-01 00:00:00', 120)),
(628, 5, 0, '08ac153d-db88-4a5c-b6f0-0433a8c29dac', CONVERT(DATETIME, '2016-10-01 00:00:00', 120)),
(629, 6, 0, '08ac153d-db88-4a5c-b6f0-0433a8c29dac', CONVERT(DATETIME, '2016-10-01 00:00:00', 120)),
(630, 11, 0, '08ac153d-db88-4a5c-b6f0-0433a8c29dac', CONVERT(DATETIME, '2016-10-01 00:00:00', 120)),
(631, 12, 0, '08ac153d-db88-4a5c-b6f0-0433a8c29dac', CONVERT(DATETIME, '2016-10-01 00:00:00', 120)),
(632, 29, 0, '08ac153d-db88-4a5c-b6f0-0433a8c29dac', CONVERT(DATETIME, '2016-10-01 00:00:00', 120)),
(633, 30, 0, '08ac153d-db88-4a5c-b6f0-0433a8c29dac', CONVERT(DATETIME, '2016-10-01 00:00:00', 120)),
(634, 39, 0, '08ac153d-db88-4a5c-b6f0-0433a8c29dac', CONVERT(DATETIME, '2016-10-01 00:00:00', 120)),
(635, 40, 0, '08ac153d-db88-4a5c-b6f0-0433a8c29dac', CONVERT(DATETIME, '2016-10-01 00:00:00', 120)),
(636, 41, 0, '08ac153d-db88-4a5c-b6f0-0433a8c29dac', CONVERT(DATETIME, '2016-10-01 00:00:00', 120)),
(637, 42, 0, '08ac153d-db88-4a5c-b6f0-0433a8c29dac', CONVERT(DATETIME, '2016-10-01 00:00:00', 120)),
(638, 43, 0, '08ac153d-db88-4a5c-b6f0-0433a8c29dac', CONVERT(DATETIME, '2016-10-01 00:00:00', 120)),
(639, 44, 0, '08ac153d-db88-4a5c-b6f0-0433a8c29dac', CONVERT(DATETIME, '2016-10-01 00:00:00', 120)),
(640, 77, 0, '08ac153d-db88-4a5c-b6f0-0433a8c29dac', CONVERT(DATETIME, '2016-10-01 00:00:00', 120)),
(641, 78, 0, '08ac153d-db88-4a5c-b6f0-0433a8c29dac', CONVERT(DATETIME, '2016-10-01 00:00:00', 120)),
(642, 79, 0, '08ac153d-db88-4a5c-b6f0-0433a8c29dac', CONVERT(DATETIME, '2016-10-01 00:00:00', 120)),
(643, 80, 0, '08ac153d-db88-4a5c-b6f0-0433a8c29dac', CONVERT(DATETIME, '2016-10-01 00:00:00', 120)),
(644, 97, 0, '08ac153d-db88-4a5c-b6f0-0433a8c29dac', CONVERT(DATETIME, '2016-10-01 00:00:00', 120)),
(645, 98, 0, '08ac153d-db88-4a5c-b6f0-0433a8c29dac', CONVERT(DATETIME, '2016-10-01 00:00:00', 120)),
(646, 99, 0, '08ac153d-db88-4a5c-b6f0-0433a8c29dac', CONVERT(DATETIME, '2016-10-01 00:00:00', 120)),
(647, 100, 0, '08ac153d-db88-4a5c-b6f0-0433a8c29dac', CONVERT(DATETIME, '2016-10-01 00:00:00', 120)),
(648, 101, 0, '08ac153d-db88-4a5c-b6f0-0433a8c29dac', CONVERT(DATETIME, '2016-10-01 00:00:00', 120)),
(649, 102, 0, '08ac153d-db88-4a5c-b6f0-0433a8c29dac', CONVERT(DATETIME, '2016-10-01 00:00:00', 120)),
(650, 103, 0, '08ac153d-db88-4a5c-b6f0-0433a8c29dac', CONVERT(DATETIME, '2016-10-01 00:00:00', 120)),
(651, 104, 0, '08ac153d-db88-4a5c-b6f0-0433a8c29dac', CONVERT(DATETIME, '2016-10-01 00:00:00', 120)),
(652, 121, 0, '08ac153d-db88-4a5c-b6f0-0433a8c29dac', CONVERT(DATETIME, '2016-10-01 00:00:00', 120)),
(653, 122, 0, '08ac153d-db88-4a5c-b6f0-0433a8c29dac', CONVERT(DATETIME, '2016-10-01 00:00:00', 120)),
(654, 123, 0, '08ac153d-db88-4a5c-b6f0-0433a8c29dac', CONVERT(DATETIME, '2016-10-01 00:00:00', 120)),
(655, 124, 0, '08ac153d-db88-4a5c-b6f0-0433a8c29dac', CONVERT(DATETIME, '2016-10-01 00:00:00', 120)),
(656, 125, 0, '08ac153d-db88-4a5c-b6f0-0433a8c29dac', CONVERT(DATETIME, '2016-10-01 00:00:00', 120)),
(657, 126, 0, '08ac153d-db88-4a5c-b6f0-0433a8c29dac', CONVERT(DATETIME, '2016-10-01 00:00:00', 120)),
(658, 127, 0, '08ac153d-db88-4a5c-b6f0-0433a8c29dac', CONVERT(DATETIME, '2016-10-01 00:00:00', 120)),
(659, 128, 0, '08ac153d-db88-4a5c-b6f0-0433a8c29dac', CONVERT(DATETIME, '2016-10-01 00:00:00', 120)),
(660, 129, 0, '08ac153d-db88-4a5c-b6f0-0433a8c29dac', CONVERT(DATETIME, '2016-10-01 00:00:00', 120)),
(661, 130, 0, '08ac153d-db88-4a5c-b6f0-0433a8c29dac', CONVERT(DATETIME, '2016-10-01 00:00:00', 120)),
(662, 131, 0, '08ac153d-db88-4a5c-b6f0-0433a8c29dac', CONVERT(DATETIME, '2016-10-01 00:00:00', 120)),
(663, 132, 0, '08ac153d-db88-4a5c-b6f0-0433a8c29dac', CONVERT(DATETIME, '2016-10-01 00:00:00', 120)),
(664, 133, 0, '08ac153d-db88-4a5c-b6f0-0433a8c29dac', CONVERT(DATETIME, '2016-10-01 00:00:00', 120)),
(665, 134, 0, '08ac153d-db88-4a5c-b6f0-0433a8c29dac', CONVERT(DATETIME, '2016-10-01 00:00:00', 120)),
(666, 135, 0, '08ac153d-db88-4a5c-b6f0-0433a8c29dac', CONVERT(DATETIME, '2016-10-01 00:00:00', 120)),
(667, 136, 0, '08ac153d-db88-4a5c-b6f0-0433a8c29dac', CONVERT(DATETIME, '2016-10-01 00:00:00', 120)),
(668, 138, 0, '08ac153d-db88-4a5c-b6f0-0433a8c29dac', CONVERT(DATETIME, '2016-10-01 00:00:00', 120)),
(669, 137, 0, '08ac153d-db88-4a5c-b6f0-0433a8c29dac', CONVERT(DATETIME, '2016-10-01 00:00:00', 120)),
(670, 139, 0, '08ac153d-db88-4a5c-b6f0-0433a8c29dac', CONVERT(DATETIME, '2016-10-01 00:00:00', 120)),
(671, 140, 0, '08ac153d-db88-4a5c-b6f0-0433a8c29dac', CONVERT(DATETIME, '2016-10-01 00:00:00', 120)),
(672, 142, 0, '08ac153d-db88-4a5c-b6f0-0433a8c29dac', CONVERT(DATETIME, '2016-10-01 00:00:00', 120)),
(673, 141, 0, '08ac153d-db88-4a5c-b6f0-0433a8c29dac', CONVERT(DATETIME, '2016-10-01 00:00:00', 120)),
(674, 143, 0, '08ac153d-db88-4a5c-b6f0-0433a8c29dac', CONVERT(DATETIME, '2016-10-01 00:00:00', 120)),
(675, 144, 0, '08ac153d-db88-4a5c-b6f0-0433a8c29dac', CONVERT(DATETIME, '2016-10-01 00:00:00', 120)),
(676, 146, 0, '08ac153d-db88-4a5c-b6f0-0433a8c29dac', CONVERT(DATETIME, '2016-10-01 00:00:00', 120)),
(677, 145, 0, '08ac153d-db88-4a5c-b6f0-0433a8c29dac', CONVERT(DATETIME, '2016-10-01 00:00:00', 120)),
(678, 147, 0, '08ac153d-db88-4a5c-b6f0-0433a8c29dac', CONVERT(DATETIME, '2016-10-01 00:00:00', 120)),
(679, 148, 0, '08ac153d-db88-4a5c-b6f0-0433a8c29dac', CONVERT(DATETIME, '2016-10-01 00:00:00', 120)),

(681, 149, 0, '08ac153d-db88-4a5c-b6f0-0433a8c29dac', CONVERT(DATETIME, '2016-10-01 00:00:00', 120)),

(691, 202, 0, '08ac153d-db88-4a5c-b6f0-0433a8c29dac', CONVERT(DATETIME, '2016-10-01 00:00:00', 120)),
(692, 201, 0, '08ac153d-db88-4a5c-b6f0-0433a8c29dac', CONVERT(DATETIME, '2016-10-01 00:00:00', 120)),
(693, 203, 0, '08ac153d-db88-4a5c-b6f0-0433a8c29dac', CONVERT(DATETIME, '2016-10-01 00:00:00', 120)),
(694, 318, 0, '08ac153d-db88-4a5c-b6f0-0433a8c29dac', CONVERT(DATETIME, '2016-10-01 00:00:00', 120)),
(695, 319, 0, '08ac153d-db88-4a5c-b6f0-0433a8c29dac', CONVERT(DATETIME, '2016-10-01 00:00:00', 120)),
(696, 320, 0, '08ac153d-db88-4a5c-b6f0-0433a8c29dac', CONVERT(DATETIME, '2016-10-01 00:00:00', 120)),
(697, 397, 0, '08ac153d-db88-4a5c-b6f0-0433a8c29dac', CONVERT(DATETIME, '2016-10-01 00:00:00', 120)),
(698, 398, 0, '08ac153d-db88-4a5c-b6f0-0433a8c29dac', CONVERT(DATETIME, '2016-10-01 00:00:00', 120)),
(699, 399, 0, '08ac153d-db88-4a5c-b6f0-0433a8c29dac', CONVERT(DATETIME, '2016-10-01 00:00:00', 120)),
(700, 400, 0, '08ac153d-db88-4a5c-b6f0-0433a8c29dac', CONVERT(DATETIME, '2016-10-01 00:00:00', 120));
SET IDENTITY_INSERT [dbo].[tblUserAnswerScore] OFF


SET IDENTITY_INSERT [dbo].[tblQuizPassScore] ON 

INSERT [dbo].[tblQuizPassScore] 
	([Id], [QuizPassId], [PassScore], [EvaluatedBy], [EvaluatedAt]) 
VALUES  
(1, 1, 40, '08ac153d-db88-4a5c-b6f0-0433a8c29dac', CONVERT(DATETIME, '2016-10-01 00:01:00', 120)),
(2, 2, 31, '08ac153d-db88-4a5c-b6f0-0433a8c29dac', CONVERT(DATETIME, '2016-10-01 00:01:00', 120)),

(5, 5, 10, '08ac153d-db88-4a5c-b6f0-0433a8c29dac', CONVERT(DATETIME, '2016-10-01 00:01:00', 120)),
(6, 6, 10, '08ac153d-db88-4a5c-b6f0-0433a8c29dac', CONVERT(DATETIME, '2016-10-01 00:01:00', 120)),
(7, 7, 6, '08ac153d-db88-4a5c-b6f0-0433a8c29dac', CONVERT(DATETIME, '2016-10-01 00:01:00', 120)),
(8, 8, 5, '08ac153d-db88-4a5c-b6f0-0433a8c29dac', CONVERT(DATETIME, '2016-10-01 00:01:00', 120)),
(9, 9, 4, '08ac153d-db88-4a5c-b6f0-0433a8c29dac', CONVERT(DATETIME, '2016-10-01 00:01:00', 120)),
(10, 10, 20, '08ac153d-db88-4a5c-b6f0-0433a8c29dac', CONVERT(DATETIME, '2016-10-01 00:01:00', 120)),
(11, 11, 20, '08ac153d-db88-4a5c-b6f0-0433a8c29dac', CONVERT(DATETIME, '2016-10-01 00:01:00', 120)),
(12, 12, 4, '08ac153d-db88-4a5c-b6f0-0433a8c29dac', CONVERT(DATETIME, '2016-10-01 00:01:00', 120)),
(13, 13, 5, '08ac153d-db88-4a5c-b6f0-0433a8c29dac', CONVERT(DATETIME, '2016-10-01 00:01:00', 120)),
(14, 14, 6, '08ac153d-db88-4a5c-b6f0-0433a8c29dac', CONVERT(DATETIME, '2016-10-01 00:01:00', 120)),
(15, 15, 10, '08ac153d-db88-4a5c-b6f0-0433a8c29dac', CONVERT(DATETIME, '2016-10-01 00:01:00', 120)),
(16, 16, 10, '08ac153d-db88-4a5c-b6f0-0433a8c29dac', CONVERT(DATETIME, '2016-10-01 00:01:00', 120)),

(20, 20, 30, '08ac153d-db88-4a5c-b6f0-0433a8c29dac', CONVERT(DATETIME, '2016-10-01 00:01:00', 120)),
(21, 21, 30, '08ac153d-db88-4a5c-b6f0-0433a8c29dac', CONVERT(DATETIME, '2016-10-01 00:01:00', 120)),
(22, 22, 20, '08ac153d-db88-4a5c-b6f0-0433a8c29dac', CONVERT(DATETIME, '2016-10-01 00:01:00', 120)),
(23, 23, 20, '08ac153d-db88-4a5c-b6f0-0433a8c29dac', CONVERT(DATETIME, '2016-10-01 00:01:00', 120)),

(26, 26, 10, '08ac153d-db88-4a5c-b6f0-0433a8c29dac', CONVERT(DATETIME, '2016-10-01 00:01:00', 120)),
(27, 27, 10, '08ac153d-db88-4a5c-b6f0-0433a8c29dac', CONVERT(DATETIME, '2016-10-01 00:01:00', 120)),
(28, 28, 6, '08ac153d-db88-4a5c-b6f0-0433a8c29dac', CONVERT(DATETIME, '2016-10-01 00:01:00', 120)),
(29, 29, 5, '08ac153d-db88-4a5c-b6f0-0433a8c29dac', CONVERT(DATETIME, '2016-10-01 00:01:00', 120)),
(30, 30, 4, '08ac153d-db88-4a5c-b6f0-0433a8c29dac', CONVERT(DATETIME, '2016-10-01 00:01:00', 120)),
(31, 31, 20, '08ac153d-db88-4a5c-b6f0-0433a8c29dac', CONVERT(DATETIME, '2016-10-01 00:01:00', 120)),
(32, 32, 4, '08ac153d-db88-4a5c-b6f0-0433a8c29dac', CONVERT(DATETIME, '2016-10-01 00:01:00', 120)),
(33, 33, 5, '08ac153d-db88-4a5c-b6f0-0433a8c29dac', CONVERT(DATETIME, '2016-10-01 00:01:00', 120)),
(34, 34, 10, '08ac153d-db88-4a5c-b6f0-0433a8c29dac', CONVERT(DATETIME, '2016-10-01 00:01:00', 120)),
(35, 35, 6, '08ac153d-db88-4a5c-b6f0-0433a8c29dac', CONVERT(DATETIME, '2016-10-01 00:01:00', 120));
SET IDENTITY_INSERT [dbo].[tblQuizPassScore] OFF

